first_name,last_name,street,city,country,email
William,Martinez,592 Ohio Avenue,Wuyao,China,wmartinez0@msn.com
Sarah,Ray,7 Roxbury Crossing,Krzynowłoga Mała,Poland,sray1@sakura.ne.jp
David,Wallace,7222 Delladonna Plaza,Bagikkedok Lauk,Indonesia,dwallace2@163.com
Albert,Ray,85584 Grim Drive,Nashville,United States,aray3@china.com.cn
Jacqueline,Howard,078 Donald Drive,Voronezh,Russia,jhoward4@slate.com
Robert,Bradley,039 Michigan Terrace,Presidencia Roque Sáenz Peña,Argentina,rbradley5@thetimes.co.uk
Charles,Evans,8 Tony Road,Abut,Philippines,cevans6@goo.gl
Brian,Rice,486 Carberry Plaza,Alto Barinas,Venezuela,brice7@studiopress.com
Donald,Turner,79396 Dexter Crossing,Lanigan,Canada,dturner8@dyndns.org
Christine,Hill,0 La Follette Place,Dagsar,China,chill9@reverbnation.com
Teresa,Wheeler,81 Brown Drive,Calibungan,Philippines,twheelera@github.com
Fred,Tucker,10 Texas Hill,Kėdainiai,Lithuania,ftuckerb@elpais.com
Phillip,Wright,6 Cottonwood Circle,Jardinópolis,Brazil,pwrightc@pinterest.com
Karen,Black,6980 Ronald Regan Road,Várzea Grande,Brazil,kblackd@wordpress.com
Bobby,Rivera,7 South Center,Starobachaty,Russia,briverae@mtv.com
Cheryl,Bryant,7 Ilene Junction,Amio,Philippines,cbryantf@paypal.com
Howard,Green,6 Pawling Junction,Letlhakeng,Botswana,hgreeng@google.com
Eric,Armstrong,55 Loeprich Junction,Brahin,Belarus,earmstrongh@uol.com.br
Anna,Bailey,4249 Oriole Plaza,Apucarana,Brazil,abaileyi@mtv.com
Ronald,Gonzalez,39794 Red Cloud Pass,Soio,Angola,rgonzalezj@nydailynews.com
Barbara,Vasquez,24 Pankratz Place,Toulouse,France,bvasquezk@nytimes.com
Christina,Bowman,2958 Menomonie Lane,Diego de Almagro,Chile,cbowmanl@apple.com
Julia,Russell,46277 John Wall Lane,Borok,Russia,jrussellm@unc.edu
Melissa,Mendoza,227 Ilene Parkway,Kirs,Russia,mmendozan@is.gd
Antonio,Wells,6998 Spaight Lane,Semeljci,Croatia,awellso@soundcloud.com
Anna,Murray,67027 Shoshone Avenue,Białobrzegi,Poland,amurrayp@xinhuanet.com
Justin,Ruiz,6 Kipling Terrace,Boluo,China,jruizq@rediff.com
Carolyn,Adams,61545 Hallows Circle,La Sierpe,Cuba,cadamsr@alexa.com
Deborah,Webb,7 Dayton Hill,Terra Chã,Portugal,dwebbs@google.ru
Anne,Hayes,27910 Vidon Drive,Lens,France,ahayest@yolasite.com
Cheryl,Graham,4 Surrey Circle,Ipameri,Brazil,cgrahamu@discuz.net
Antonio,Phillips,637 Garrison Parkway,Chanthaburi,Thailand,aphillipsv@netscape.com
Frank,Allen,55 Bartillon Terrace,Poá,Brazil,fallenw@jalbum.net
Ralph,Hunter,3 Lakewood Gardens Parkway,Tha Mai,Thailand,rhunterx@thetimes.co.uk
Richard,Mitchell,1 Nelson Pass,Tlumach,Ukraine,rmitchelly@redcross.org
Chris,Gray,1 Debra Drive,Impendle,South Africa,cgrayz@comsenz.com
Jonathan,Collins,3323 John Wall Circle,Moscow,Russia,jcollins10@globo.com
Judith,Nguyen,26794 Nova Junction,Quxia,China,jnguyen11@sakura.ne.jp
Brian,Fields,36 Mayfield Drive,Huangjinbu,China,bfields12@nationalgeographic.com
Susan,Cox,52 Sommers Pass,Weitang,China,scox13@biglobe.ne.jp
Theresa,Johnston,9486 Hayes Court,Labuhankananga,Indonesia,tjohnston14@tripadvisor.com
George,Anderson,764 Del Mar Center,Sanzao,China,ganderson15@unblog.fr
Larry,Hicks,52681 Fieldstone Circle,Thomassique,Haiti,lhicks16@harvard.edu
Kathryn,Stevens,417 Moulton Parkway,Bilice,Croatia,kstevens17@ihg.com
Stephanie,Elliott,275 Wayridge Avenue,Pessac,France,selliott18@independent.co.uk
Amanda,Ray,7378 Starling Trail,Santa Adélia,Brazil,aray19@marketwatch.com
Jose,Schmidt,0865 Beilfuss Road,Sukowiryo,Indonesia,jschmidt1a@webmd.com
Patricia,Sims,50821 Tennessee Alley,Larvik,Norway,psims1b@wordpress.com
Steve,Watkins,257 Karstens Place,San Luis,Honduras,swatkins1c@ft.com
Kathryn,Morgan,28 Redwing Hill,Al Bāriqīyah,Syria,kmorgan1d@google.es
Earl,Hawkins,4931 Prentice Center,Orurillo,Peru,ehawkins1e@slideshare.net
Roy,Franklin,9750 Ruskin Alley,Porto Alto,Portugal,rfranklin1f@ox.ac.uk
Jerry,Harrison,72331 Transport Hill,San Francisco de Coray,Honduras,jharrison1g@ox.ac.uk
Peter,Robertson,8 Independence Drive,Bunigeulis,Indonesia,probertson1h@creativecommons.org
Shawn,Mcdonald,4288 Havey Avenue,Xinchengzi,China,smcdonald1i@rambler.ru
Janice,Welch,5965 Fulton Park,Moche,Peru,jwelch1j@goo.gl
Helen,Holmes,81614 Michigan Point,Jatiprahu,Indonesia,hholmes1k@youtube.com
Peter,Johnston,1 Moland Pass,Battambang,Cambodia,pjohnston1l@chicagotribune.com
Martha,Patterson,1 Carey Plaza,Bahe,China,mpatterson1m@drupal.org
Andrea,Boyd,5 Shelley Street,Flandes,Colombia,aboyd1n@archive.org
Sara,Andrews,7309 Old Shore Lane,Lubao,Democratic Republic of the Congo,sandrews1o@vistaprint.com
Kimberly,Schmidt,183 Division Plaza,Qianhong,China,kschmidt1p@vistaprint.com
Harry,Davis,3 Roth Way,Huangjinbu,China,hdavis1q@nbcnews.com
Antonio,Griffin,82 Beilfuss Place,Gaoyao,China,agriffin1r@abc.net.au
Judy,Rogers,696 Glacier Hill Alley,Guzhen,China,jrogers1s@blogs.com
Jean,Smith,18 Bayside Parkway,Chenggan,China,jsmith1t@unicef.org
Brenda,Powell,089 Del Sol Parkway,Kadengan,Indonesia,bpowell1u@tinypic.com
Katherine,Lawson,4311 Caliangt Alley,Rushankou,China,klawson1v@arstechnica.com
Rose,Walker,76 Transport Alley,Obama,Japan,rwalker1w@phoca.cz
Ryan,Carroll,9 Judy Road,Sandia,Peru,rcarroll1x@youtu.be
Eugene,Jacobs,57103 Summer Ridge Trail,Poste du Lac,Vietnam,ejacobs1y@surveymonkey.com
Sara,Warren,56232 Corry Crossing,Siikajoki,Finland,swarren1z@imgur.com
Lori,Boyd,60 Granby Drive,Cruz,Portugal,lboyd20@csmonitor.com
Jerry,Carr,0668 Talisman Trail,Novo Selo,Bulgaria,jcarr21@ft.com
Keith,Willis,89 Steensland Street,Condado,Cuba,kwillis22@taobao.com
Terry,Morris,1 Coolidge Hill,Ḩabīl al Jabr,Yemen,tmorris23@soup.io
Cynthia,Morales,8 Hollow Ridge Park,Monte Mor,Brazil,cmorales24@cpanel.net
Ronald,Hunter,84940 Kingsford Hill,Pakel,Indonesia,rhunter25@npr.org
Teresa,Romero,522 Memorial Trail,Cartagena,Philippines,tromero26@dion.ne.jp
Irene,Price,26094 Green Ridge Plaza,Czarnocin,Poland,iprice27@i2i.jp
Alan,Garrett,64 Bartillon Hill,Värnamo,Sweden,agarrett28@techcrunch.com
Amy,Morgan,205 Bay Plaza,Bergen,Norway,amorgan29@reddit.com
Emily,James,4 Pleasure Junction,Khallat Şāliḩ,Palestinian Territory,ejames2a@webs.com
Gary,Brown,8 Oak Valley Trail,Dalianwan,China,gbrown2b@youtu.be
Andrew,Gutierrez,24908 Spaight Circle,Whakatane,New Zealand,agutierrez2c@hatena.ne.jp
Emily,Howell,212 Maple Wood Court,Fairbanks,United States,ehowell2d@geocities.jp
Tina,Grant,08999 Surrey Parkway,Hendala,Sri Lanka,tgrant2e@oracle.com
Margaret,Webb,9456 Oak Valley Drive,Villa Nueva,Honduras,mwebb2f@comcast.net
Annie,Rice,7510 Magdeline Crossing,Wartburg,South Africa,arice2g@twitpic.com
Elizabeth,Mendoza,1478 Carpenter Circle,Puszczykowo,Poland,emendoza2h@dion.ne.jp
Lois,Patterson,2178 Arapahoe Lane,San Roque,Philippines,lpatterson2i@dell.com
Kathryn,Stewart,824 Oneill Hill,Xêgar,China,kstewart2j@globo.com
Joshua,Elliott,50 Birchwood Place,Huanshan,China,jelliott2k@comcast.net
Lori,Reed,35 Shopko Park,Marcala,Honduras,lreed2l@time.com
Steve,White,79 Sage Lane,Herrljunga,Sweden,swhite2m@mysql.com
William,Johnson,7613 Melrose Center,Augsburg,Germany,wjohnson2n@hugedomains.com
Diane,Campbell,531 Pleasure Center,Citeureup,Indonesia,dcampbell2o@usda.gov
Teresa,Snyder,073 Hazelcrest Place,Kokagax,China,tsnyder2p@businesswire.com
Phyllis,Wells,95575 Larry Plaza,Angkahgede,Indonesia,pwells2q@blogspot.com
Amy,Pierce,781 Graedel Center,Buraen,Indonesia,apierce2r@nationalgeographic.com
Larry,Oliver,10695 Longview Trail,Rates,Portugal,loliver2s@rakuten.co.jp
Antonio,Kelly,5509 Mosinee Trail,Dongji,China,akelly2t@shareasale.com
Roy,Gonzalez,4 Hauk Crossing,Susapaya,Peru,rgonzalez2u@usgs.gov
Rachel,Jones,8250 Warrior Lane,Pyra,Russia,rjones2v@state.gov
Jean,Warren,237 Crownhardt Alley,Shejiang,China,jwarren2w@cpanel.net
Benjamin,Bailey,3109 Mosinee Avenue,Aimorés,Brazil,bbailey2x@themeforest.net
Tina,Lewis,04502 Tennyson Trail,Palma De Mallorca,Spain,tlewis2y@cnbc.com
Gregory,Lynch,0 Briar Crest Pass,Bandar-e Māhshahr,Iran,glynch2z@apple.com
Jeffrey,Payne,20 Bartillon Crossing,Hartford,United States,jpayne30@diigo.com
Michelle,Gordon,93285 Northport Avenue,Zhenwen,China,mgordon31@tuttocitta.it
Gary,Johnson,66288 Burrows Crossing,Nairobi,Kenya,gjohnson32@blogtalkradio.com
Robin,Kim,51291 Starling Place,Panambi,Brazil,rkim33@bravesites.com
Brenda,Johnston,331 Lerdahl Park,Grębków,Poland,bjohnston34@infoseek.co.jp
Nancy,Frazier,2 Gerald Lane,Dřevohostice,Czech Republic,nfrazier35@dagondesign.com
Matthew,Burns,88 Hudson Parkway,Torzhok,Russia,mburns36@prlog.org
Elizabeth,Long,216 Dennis Avenue,Debrecen,Hungary,elong37@mysql.com
Philip,Rose,9 Forest Lane,San Jose,Mexico,prose38@youku.com
Nicholas,Cruz,7985 Eastwood Crossing,Bujanovac,Serbia,ncruz39@dion.ne.jp
Evelyn,Brooks,95 Hazelcrest Street,Huntington,United States,ebrooks3a@nature.com
Bonnie,Webb,317 Tennyson Center,Xiangride,China,bwebb3b@odnoklassniki.ru
Christine,Perez,12415 Hudson Parkway,Pho Si Suwan,Thailand,cperez3c@utexas.edu
Raymond,Snyder,7 Heath Parkway,Taibao,China,rsnyder3d@booking.com
Cheryl,Kim,836 Harper Circle,Gaobu,China,ckim3e@toplist.cz
Michael,Owens,3557 Golden Leaf Trail,Tengah,Indonesia,mowens3f@jugem.jp
Phyllis,Moreno,05380 Twin Pines Drive,Xinfa,China,pmoreno3g@wiley.com
Anne,Simpson,45 Lotheville Hill,Hollywood,United States,asimpson3h@tamu.edu
Lawrence,Murphy,3786 Manitowish Alley,Acas,Peru,lmurphy3i@360.cn
Laura,Sims,75888 Lillian Center,San Pedro,Costa Rica,lsims3j@ed.gov
Thomas,Murray,6715 Hoffman Street,Belén de los Andaquíes,Colombia,tmurray3k@xrea.com
Jonathan,Barnes,51 5th Court,Yichun,China,jbarnes3l@hatena.ne.jp
Nicholas,Turner,805 Warbler Plaza,Hato Mayor del Rey,Dominican Republic,nturner3m@ebay.com
Ernest,Frazier,8174 Artisan Road,Xichuan,China,efrazier3n@gravatar.com
Louis,Shaw,7384 Fallview Crossing,Jovellar,Philippines,lshaw3o@ucoz.com
Howard,Boyd,52 Hayes Plaza,Pallasovka,Russia,hboyd3p@cmu.edu
Peter,Romero,78505 Eagan Alley,Zürich,Switzerland,promero3q@smugmug.com
Janet,Ryan,5428 Sunbrook Circle,Melaka,Malaysia,jryan3r@nifty.com
Amy,Ellis,48050 Briar Crest Way,Ōtake,Japan,aellis3s@nytimes.com
Craig,Meyer,207 Mcguire Parkway,Mamoudzou,Mayotte,cmeyer3t@tiny.cc
Raymond,Snyder,999 Crownhardt Street,La Jutosa,Honduras,rsnyder3u@businessinsider.com
Jeremy,Ryan,3 Ronald Regan Drive,Kaduy,Russia,jryan3v@4shared.com
Michael,Lynch,8 Melvin Circle,Pinheiro,Brazil,mlynch3w@cnet.com
Paul,Cooper,81545 Crowley Road,Obo,Central African Republic,pcooper3x@friendfeed.com
Jose,Morgan,44329 Southridge Pass,Telnice,Czech Republic,jmorgan3y@pcworld.com
Billy,Berry,4 Cascade Lane,Qingshan,China,bberry3z@shareasale.com
Joyce,Scott,49 West Street,Lokavec,Slovenia,jscott40@photobucket.com
Sharon,Gonzales,879 Division Pass,Penticton,Canada,sgonzales41@sciencedirect.com
Willie,Olson,3 Twin Pines Place,Ostaszewo,Poland,wolson42@google.pl
Kimberly,Kelley,595 Schiller Terrace,Shalazhi,Russia,kkelley43@51.la
Scott,Lynch,6628 Manufacturers Center,Tambulatana,Indonesia,slynch44@pbs.org
Katherine,Hill,4 Jana Crossing,Vlorë,Albania,khill45@ihg.com
Fred,Foster,0038 Katie Pass,Apatin,Serbia,ffoster46@parallels.com
Melissa,Jackson,14280 Hudson Park,Sendangagung,Indonesia,mjackson47@rambler.ru
Kathryn,Foster,2255 3rd Trail,Stockholm,Sweden,kfoster48@about.me
Harold,Chapman,776 Becker Hill,Kazaure,Nigeria,hchapman49@cbsnews.com
Marie,Frazier,0 Blackbird Center,Mugi,Russia,mfrazier4a@unicef.org
Jennifer,Moreno,82832 Rieder Terrace,Sangesi,China,jmoreno4b@gnu.org
Benjamin,Gordon,5 Sachs Point,Dagup,Philippines,bgordon4c@hexun.com
Donna,Graham,3378 Bluestem Road,Dukuh,Indonesia,dgraham4d@salon.com
Alan,Bowman,07 Declaration Court,Cikadongdong,Indonesia,abowman4e@nasa.gov
Donald,Wilson,8 Evergreen Trail,‘Awaj,Syria,dwilson4f@reverbnation.com
Jesse,Davis,4 Sage Court,Karanganyar,Indonesia,jdavis4g@angelfire.com
Jesse,Meyer,3730 Vermont Lane,Čajniče,Bosnia and Herzegovina,jmeyer4h@devhub.com
Linda,Allen,4901 Dexter Hill,Benešov nad Černou,Czech Republic,lallen4i@slashdot.org
Robert,Long,8 Muir Trail,Lancaster,United States,rlong4j@google.fr
Richard,Lawrence,13 Canary Road,Kimaam,Indonesia,rlawrence4k@ezinearticles.com
Cheryl,Banks,690 Ruskin Plaza,Jrashen,Armenia,cbanks4l@phoca.cz
Terry,Castillo,9260 Union Center,‘Amd,Yemen,tcastillo4m@seattletimes.com
Amy,Harper,9 Anzinger Alley,Chenzhuang,China,aharper4n@google.com.br
Irene,Ramos,3535 Brown Place,Rābigh,Saudi Arabia,iramos4o@histats.com
Barbara,Alvarez,05226 School Pass,Huaqiao,China,balvarez4p@multiply.com
Robert,Carpenter,483 West Junction,Guintubhan,Philippines,rcarpenter4q@sciencedaily.com
Jimmy,Murphy,214 Portage Plaza,Brdów,Poland,jmurphy4r@behance.net
Eric,Black,5651 Loeprich Hill,Poroshkovo,Ukraine,eblack4s@tripadvisor.com
Scott,Gordon,0900 Katie Drive,Chatan,Japan,sgordon4t@wikia.com
Roy,Hicks,17 Bluestem Junction,Xiling,China,rhicks4u@independent.co.uk
Sarah,Bailey,67026 Lindbergh Hill,Nzeto,Angola,sbailey4v@qq.com
James,Lane,7 Fairfield Park,Oliveirinha,Portugal,jlane4w@wp.com
Emily,Mitchell,4462 Southridge Place,Ţammūn,Palestinian Territory,emitchell4x@skyrock.com
Justin,Ryan,9 Atwood Parkway,Tiancheng,China,jryan4y@netvibes.com
Joan,Robertson,3 Burning Wood Way,Gorki Vtoryye,Russia,jrobertson4z@europa.eu
Frances,Patterson,3 Carpenter Parkway,Melikkrajan,Indonesia,fpatterson50@pagesperso-orange.fr
Randy,Mccoy,6 Fair Oaks Way,Huo’erqi,China,rmccoy51@geocities.jp
Gloria,Allen,465 Ruskin Alley,Shiziling,China,gallen52@ebay.co.uk
David,George,5 Montana Street,Putrajaya,Malaysia,dgeorge53@nhs.uk
Gary,Austin,13 Maryland Crossing,Turenki,Finland,gaustin54@w3.org
Walter,Myers,4393 Hudson Park,Ash Sharyah,Yemen,wmyers55@dailymotion.com
Linda,Williamson,8 Crownhardt Place,Sawahbaru,Indonesia,lwilliamson56@weibo.com
Lori,Nichols,4191 Sauthoff Way,Black River,Jamaica,lnichols57@geocities.jp
Jeffrey,Vasquez,82583 Weeping Birch Park,Rio,Portugal,jvasquez58@ihg.com
Steve,Hayes,456 Sunfield Hill,Svetlogorsk,Russia,shayes59@columbia.edu
Norma,Armstrong,3 Maryland Alley,Gumalang,Philippines,narmstrong5a@mac.com
Christine,Perry,4 East Plaza,Mâcon,France,cperry5b@e-recht24.de
Paul,Torres,6 Mendota Center,Bayambang,Philippines,ptorres5c@spiegel.de
Alan,Lawson,01743 Nevada Crossing,Sotouboua,Togo,alawson5d@aol.com
Jonathan,Cox,1 Rowland Terrace,Morales,Colombia,jcox5e@unicef.org
Amanda,Thomas,4 Oriole Trail,Stizhkivs’ke,Ukraine,athomas5f@elpais.com
Katherine,Anderson,2725 Porter Hill,Krajan Alastengah,Indonesia,kanderson5g@independent.co.uk
Jack,Andrews,3 Hermina Alley,Congonhas,Brazil,jandrews5h@sfgate.com
Brandon,Matthews,17 Delaware Plaza,Narukan,Indonesia,bmatthews5i@gov.uk
Johnny,Rodriguez,9857 6th Parkway,Botucatu,Brazil,jrodriguez5j@mozilla.org
Larry,Mills,6663 Graceland Park,Taichung,Taiwan,lmills5k@dropbox.com
Michelle,Ferguson,1 Surrey Way,Carvalhal,Portugal,mferguson5l@java.com
Doris,Alexander,05 Ridgeview Trail,Ambulong,Philippines,dalexander5m@ucoz.com
Laura,Brown,3 Ridgeview Parkway,Wlingi,Indonesia,lbrown5n@webs.com
Ryan,Miller,12769 Cordelia Road,Lamawalang,Indonesia,rmiller5o@fastcompany.com
Janice,Crawford,5 Kings Crossing,Aguelmous,Morocco,jcrawford5p@weebly.com
Carol,Reed,767 Stephen Center,Kuala Lumpur,Malaysia,creed5q@patch.com
Andrea,George,81719 Mcbride Terrace,Bulo,Philippines,ageorge5r@mlb.com
Jack,Robinson,631 Fremont Lane,Cayungnan,Philippines,jrobinson5s@last.fm
Jonathan,Nguyen,5 Spaight Alley,Banjar Dauhpangkung,Indonesia,jnguyen5t@diigo.com
Kimberly,Lewis,2553 Declaration Parkway,Magisterial,Mexico,klewis5u@reuters.com
Joan,Shaw,075 Sherman Park,Breda,Netherlands,jshaw5v@google.es
Lisa,Freeman,1 Eliot Center,Fushui,China,lfreeman5w@printfriendly.com
Terry,Roberts,62 6th Court,Bagan,Russia,troberts5x@illinois.edu
Laura,Garrett,55 Jana Road,Estrada,Portugal,lgarrett5y@angelfire.com
Adam,Lopez,27 Transport Junction,Quchi,China,alopez5z@scientificamerican.com
Jacqueline,Bryant,50 Northridge Pass,Zongluzui,China,jbryant60@hatena.ne.jp
Anne,Harris,103 Kim Lane,Lubień,Poland,aharris61@vinaora.com
Andrea,Long,05626 Parkside Lane,Golubac,Serbia,along62@ca.gov
Jimmy,Burns,5052 Graedel Center,Ciela Lebak,Indonesia,jburns63@rakuten.co.jp
Rebecca,Gonzales,3 Cherokee Alley,Luksuhin,Philippines,rgonzales64@dion.ne.jp
Wanda,Burns,88 Cody Pass,Santa Cruz,Mexico,wburns65@topsy.com
Frank,Jones,60296 Logan Park,Nyala,Sudan,fjones66@com.com
Nancy,Hunter,1064 Steensland Park,Banes,Cuba,nhunter67@list-manage.com
Patricia,Ramirez,561 American Ash Place,Sumberjati,Indonesia,pramirez68@goo.gl
Nicole,Greene,34994 Iowa Point,Curahpacul Satu,Indonesia,ngreene69@netlog.com
Diane,Hamilton,180 Lawn Plaza,Laâyoune / El Aaiún,Western Sahara,dhamilton6a@google.com.au
Robin,Ryan,48257 Coleman Avenue,Longaví,Chile,rryan6b@samsung.com
Frances,Mcdonald,9601 Eastwood Junction,Besuki Dua,Indonesia,fmcdonald6c@chronoengine.com
Mildred,Meyer,0363 Debs Drive,Independencia,Mexico,mmeyer6d@dion.ne.jp
Clarence,West,905 Ridge Oak Street,Calarcá,Colombia,cwest6e@ning.com
Jean,Rogers,536 Carioca Lane,Pappadátes,Greece,jrogers6f@wiley.com
Margaret,Hernandez,6080 Pepper Wood Alley,Kérkyra,Greece,mhernandez6g@omniture.com
Jacqueline,Lee,97297 Longview Circle,Aubagne,France,jlee6h@a8.net
Carolyn,Lynch,837 Cardinal Alley,Cigadung,Indonesia,clynch6i@imdb.com
Jerry,Henderson,746 Maryland Point,Tudela,Philippines,jhenderson6j@cyberchimps.com
Edward,Riley,59740 Brickson Park Point,Manique,Portugal,eriley6k@chron.com
Sharon,Shaw,878 Kropf Plaza,Higashine,Japan,sshaw6l@smugmug.com
Douglas,Ray,5 Cottonwood Point,Pajak,Indonesia,dray6m@sun.com
Victor,Elliott,159 Sunbrook Pass,Baku,Azerbaijan,velliott6n@1688.com
Aaron,Wallace,9 Mallory Parkway,Kuala Lumpur,Malaysia,awallace6o@dropbox.com
Raymond,Berry,15 Magdeline Circle,Fortaleza,Brazil,rberry6p@dagondesign.com
Nancy,Long,1 Spohn Lane,Paratinga,Brazil,nlong6q@gravatar.com
Evelyn,Hughes,2243 Ridge Oak Avenue,Burunday,Kazakhstan,ehughes6r@thetimes.co.uk
Karen,Vasquez,6 Talmadge Alley,Itapira,Brazil,kvasquez6s@clickbank.net
Katherine,Stephens,07808 Sherman Way,Mabini,Philippines,kstephens6t@census.gov
Rebecca,Hughes,3285 Dunning Lane,Kuala Lumpur,Malaysia,rhughes6u@vimeo.com
Lillian,Willis,56578 Huxley Circle,Reims,France,lwillis6v@vinaora.com
Donna,Woods,17 Transport Terrace,Zbąszyń,Poland,dwoods6w@newyorker.com
Albert,Hunt,22 Lukken Crossing,Dianya,China,ahunt6x@intel.com
Lori,Ellis,91 Algoma Circle,Pallasovka,Russia,lellis6y@facebook.com
Fred,Mills,0 Oakridge Place,Miaoxi,China,fmills6z@flavors.me
Joyce,Hamilton,0 Gerald Pass,Navashino,Russia,jhamilton70@cargocollective.com
Jack,Alvarez,6 Buell Trail,Fteliá,Greece,jalvarez71@ycombinator.com
Andrew,Butler,8 Hollow Ridge Way,Ouanaminthe,Haiti,abutler72@economist.com
Donald,Rice,948 Sunfield Plaza,Zabrze,Poland,drice73@google.com.au
Tina,Baker,135 3rd Park,Goranboy,Azerbaijan,tbaker74@etsy.com
Ruby,Thomas,83 Orin Hill,Oygon,Mongolia,rthomas75@nyu.edu
Janet,Wallace,9 Briar Crest Avenue,Capacho Viejo,Venezuela,jwallace76@dropbox.com
Kathleen,Ruiz,0 Pearson Crossing,Mont-Laurier,Canada,kruiz77@com.com
Phyllis,Day,73 Mandrake Road,Chumen,China,pday78@joomla.org
Gregory,Cox,2 Sutherland Terrace,Des Moines,United States,gcox79@shop-pro.jp
Annie,Wilson,8 Nelson Junction,Jepara,Indonesia,awilson7a@sbwire.com
Irene,Adams,2 Sommers Court,Krasnolesnyy,Russia,iadams7b@weather.com
Deborah,Mcdonald,88254 Buena Vista Terrace,Ntoke,Indonesia,dmcdonald7c@fema.gov
Antonio,Fields,8 International Place,Vardablur,Armenia,afields7d@unicef.org
Jeffrey,Hughes,4 Sycamore Terrace,Niitsu-honchō,Japan,jhughes7e@theatlantic.com
Rebecca,Lawrence,920 Superior Park,Minakuchi,Japan,rlawrence7f@weather.com
Laura,Harper,723 Rieder Avenue,Krajan Pundungsari,Indonesia,lharper7g@ning.com
Ruth,Watkins,30418 Roxbury Plaza,Salamwates,Indonesia,rwatkins7h@bloglines.com
Jerry,Black,77003 Vernon Court,Paris 16,France,jblack7i@weebly.com
Stephen,Allen,439 Banding Terrace,Aparecida de Goiânia,Brazil,sallen7j@blogspot.com
Margaret,Simmons,558 Jenna Court,Chorente,Portugal,msimmons7k@barnesandnoble.com
Ryan,Stevens,535 East Alley,Brejieira,Portugal,rstevens7l@privacy.gov.au
Christine,Duncan,5 Anzinger Way,Grangwav,Haiti,cduncan7m@technorati.com
Jeremy,King,2813 Northridge Park,Bù Đốp,Vietnam,jking7n@twitter.com
Jane,Greene,789 Brentwood Street,Sungai,Philippines,jgreene7o@wufoo.com
Earl,Wright,97 Badeau Park,Komendantsky aerodrom,Russia,ewright7p@samsung.com
Dennis,Burke,36517 Killdeer Trail,Lubao,Philippines,dburke7q@blogtalkradio.com
Jane,Carpenter,78273 Dapin Road,Wilmington,United States,jcarpenter7r@dropbox.com
Dorothy,Frazier,0644 Gateway Crossing,Seredka,Russia,dfrazier7s@tinypic.com
Raymond,Schmidt,93300 Kim Lane,Bahía Honda,Cuba,rschmidt7t@adobe.com
Peter,Howard,3909 Dovetail Place,Oja,Indonesia,phoward7u@g.co
Jessica,Howell,17 Arrowood Parkway,Murzuq,Libya,jhowell7v@youku.com
Marie,Palmer,2372 Florence Drive,Maceo,Colombia,mpalmer7w@jugem.jp
Janet,Carr,761 Nelson Park,Iwŏn-ŭp,North Korea,jcarr7x@mit.edu
Joshua,Jones,25 Hanover Plaza,Dolní Bojanovice,Czech Republic,jjones7y@apache.org
David,Cook,7624 Ridge Oak Alley,Xuezhen,China,dcook7z@timesonline.co.uk
Mary,Boyd,8 Londonderry Alley,Jiaoba,China,mboyd80@yellowpages.com
Theresa,Stewart,1886 Glacier Hill Street,Linggamanik,Indonesia,tstewart81@nasa.gov
Bobby,Rice,7132 Charing Cross Center,Jubb Ramlah,Syria,brice82@mashable.com
Julia,Hill,50 Lotheville Plaza,Candelaria,Argentina,jhill83@google.pl
Shawn,Turner,78690 Monica Drive,Hartford,United States,sturner84@ezinearticles.com
Jason,Austin,41610 Towne Pass,Toledo,United States,jaustin85@youtube.com
Wayne,Fuller,0 Rockefeller Court,Temyasovo,Russia,wfuller86@google.es
Jerry,Lawson,39 Manufacturers Trail,Dūāb,Afghanistan,jlawson87@telegraph.co.uk
Marie,Roberts,69519 Browning Way,Baoji,China,mroberts88@indiatimes.com
Paula,Ortiz,19 Oakridge Hill,Donghu,China,portiz89@furl.net
Gloria,Mccoy,876 David Lane,Talitsa,Russia,gmccoy8a@storify.com
Patricia,Perry,36 Sage Way,Cibinong,Indonesia,pperry8b@google.es
Doris,Peters,2 Bashford Way,Brody,Poland,dpeters8c@nih.gov
Jesse,Hayes,27203 Kinsman Drive,Lý Sơn,Vietnam,jhayes8d@omniture.com
Brian,Graham,64716 Becker Road,Krynychky,Ukraine,bgraham8e@smugmug.com
Tina,Montgomery,84 Haas Park,Layog,Philippines,tmontgomery8f@ca.gov
Juan,George,6751 Burrows Point,Nobinobi,Indonesia,jgeorge8g@scribd.com
Todd,Kelley,06 Surrey Street,Sentul,Indonesia,tkelley8h@elpais.com
Linda,Gibson,5158 Fremont Trail,Zhouyuan,China,lgibson8i@cbc.ca
Antonio,Dunn,7 Old Gate Circle,Colmar,France,adunn8j@myspace.com
Amy,Willis,597 Monument Point,Arcos,Brazil,awillis8k@facebook.com
Sarah,Carr,3563 Algoma Plaza,Zator,Poland,scarr8l@shutterfly.com
Shawn,Morgan,81 Burning Wood Parkway,Krasnystaw,Poland,smorgan8m@shutterfly.com
Karen,Ward,8 Manley Hill,Kamenka,Russia,kward8n@whitehouse.gov
Raymond,Anderson,18894 Farwell Way,Abadou,Morocco,randerson8o@nydailynews.com
Dennis,Sanders,67054 Lukken Parkway,Tianhu,China,dsanders8p@sogou.com
Jerry,Cruz,74305 Fairfield Terrace,Cocabamba,Peru,jcruz8q@nih.gov
Shirley,Martinez,1 Bobwhite Plaza,Mandepa Barat,Indonesia,smartinez8r@cam.ac.uk
Joseph,Holmes,6817 Mesta Drive,Hrotovice,Czech Republic,jholmes8s@bloomberg.com
Benjamin,Gray,937 Stuart Alley,Bebedouro,Brazil,bgray8t@shareasale.com
Anna,Parker,71385 Mallard Street,Stockholm,Sweden,aparker8u@msu.edu
Charles,White,1 Clove Plaza,Ete,Nigeria,cwhite8v@squidoo.com
Eugene,Anderson,5028 Shopko Drive,Bāgh-e Malek,Iran,eanderson8w@sciencedaily.com
Karen,Allen,617 Hintze Crossing,Tacoma,United States,kallen8x@wired.com
Shirley,Crawford,2816 Pankratz Plaza,Cadiz,Spain,scrawford8y@usa.gov
Carol,Romero,6 Meadow Valley Court,Légua,Portugal,cromero8z@businesswire.com
Jimmy,Wheeler,80250 Lakewood Junction,Velika,Croatia,jwheeler90@nhs.uk
Diana,Peterson,55982 Texas Place,La Falda,Argentina,dpeterson91@archive.org
Kathy,Scott,8031 Buena Vista Terrace,Changhan,Thailand,kscott92@infoseek.co.jp
Roger,Fisher,50137 Clemons Street,Jiangbei,China,rfisher93@123-reg.co.uk
Raymond,Ellis,586 Drewry Way,Międzybrodzie Bialskie,Poland,rellis94@theglobeandmail.com
Beverly,Olson,297 Golf Court,Tunjë,Albania,bolson95@economist.com
Diana,Day,9902 Forest Dale Way,Urazovo,Russia,dday96@prweb.com
Anthony,Henry,23057 Dwight Street,Kaindy,Kyrgyzstan,ahenry97@irs.gov
Roy,Young,30398 Shopko Lane,Pangkalan,Indonesia,ryoung98@wikispaces.com
Ashley,Sanders,901 Bowman Point,Bira,Russia,asanders99@bing.com
Mildred,Ruiz,99182 Red Cloud Road,Jivia,Peru,mruiz9a@zimbio.com
Victor,Myers,901 Dunning Alley,Parreira,Portugal,vmyers9b@uiuc.edu
Ashley,Day,9 Southridge Lane,Neglasari,Indonesia,aday9c@businesswire.com
Kelly,Medina,3 Loeprich Trail,Zhukovka,Russia,kmedina9d@delicious.com
Emily,Shaw,1013 Atwood Point,Hilversum,Netherlands,eshaw9e@sohu.com
John,Black,565 Continental Alley,Cisaat,Indonesia,jblack9f@businessweek.com
Louis,Lopez,33 Shoshone Court,Krasnoye,Russia,llopez9g@csmonitor.com
Mary,Gilbert,870 Miller Pass,Ugac Sur,Philippines,mgilbert9h@blog.com
Arthur,Gilbert,5 Forster Hill,Castelo,Brazil,agilbert9i@technorati.com
Cynthia,Little,3 Grover Alley,Lochovice,Czech Republic,clittle9j@symantec.com
Brandon,Gibson,1399 Dwight Lane,Nankou,China,bgibson9k@wordpress.com
Steve,Bell,62530 Lillian Road,Wenceslau Braz,Brazil,sbell9l@biblegateway.com
Kathryn,Garrett,67869 Oxford Center,Shebekino,Russia,kgarrett9m@slate.com
Margaret,Peterson,6777 Del Mar Place,Tangjiapo,China,mpeterson9n@skyrock.com
Evelyn,Butler,2 Hintze Trail,Fencheng,China,ebutler9o@wisc.edu
Charles,Price,6033 Marcy Park,San Juan,Peru,cprice9p@house.gov
Sharon,Sims,12 Farwell Place,Tisco,Peru,ssims9q@intel.com
Edward,Pierce,262 Valley Edge Trail,Cikaludan,Indonesia,epierce9r@state.gov
Brenda,Flores,4012 Mifflin Plaza,Sitularang Landeuh,Indonesia,bflores9s@chronoengine.com
Sandra,Murphy,4043 Red Cloud Hill,Jianba,China,smurphy9t@dell.com
Kathleen,Wagner,39779 Merchant Pass,Isniq,Kosovo,kwagner9u@smugmug.com
Cynthia,Gutierrez,2452 Kedzie Pass,Ivanava,Belarus,cgutierrez9v@cmu.edu
Carolyn,Bell,417 South Plaza,Simao,China,cbell9w@google.co.uk
Louis,Rodriguez,09 International Hill,Rochester,United States,lrodriguez9x@va.gov
Wayne,Peters,7565 Miller Junction,Hanna,Canada,wpeters9y@gov.uk
John,Washington,500 Hallows Way,Bendilmuning,Indonesia,jwashington9z@bloomberg.com
Albert,Hamilton,13 Burning Wood Junction,Koslan,Russia,ahamiltona0@newsvine.com
Jeffrey,Mills,85493 Garrison Lane,Annan,China,jmillsa1@abc.net.au
Harry,Henry,741 Dennis Pass,San Esteban,Honduras,hhenrya2@prweb.com
Teresa,Knight,9917 Longview Park,Lipu,China,tknighta3@ft.com
Donna,Brown,33373 Grasskamp Alley,Sergelen,Mongolia,dbrowna4@bravesites.com
Jennifer,Gibson,90 Dovetail Circle,San Javier,Uruguay,jgibsona5@hc360.com
Adam,Evans,37 Walton Road,Maevatanana,Madagascar,aevansa6@google.ru
John,Simmons,3059 Reinke Pass,Mirnyy,Russia,jsimmonsa7@yahoo.co.jp
Nancy,Weaver,32788 Old Gate Place,Novoukrayinka,Ukraine,nweavera8@friendfeed.com
Carolyn,Andrews,84214 Golf View Junction,Santo Tomas,Philippines,candrewsa9@livejournal.com
Ann,Stewart,73 Mcbride Hill,Nice,France,astewartaa@mediafire.com
Kathryn,Parker,8822 Veith Avenue,Júlio de Castilhos,Brazil,kparkerab@twitter.com
Kelly,Ford,9 Lyons Point,Yanac,Peru,kfordac@java.com
Bruce,Hawkins,68 Roth Court,Drawno,Poland,bhawkinsad@goodreads.com
Annie,Scott,2859 Birchwood Pass,Sainte-Martine,Canada,ascottae@uiuc.edu
Jessica,Harvey,90879 Bashford Drive,Jamalteca,Honduras,jharveyaf@youku.com
Sarah,Black,0668 Macpherson Drive,Yelyzavethradka,Ukraine,sblackag@psu.edu
Anna,Cruz,9010 Mallard Junction,Zhaoqing,China,acruzah@w3.org
Jason,Mendoza,3 Di Loreto Park,Bayan Huxu,China,jmendozaai@japanpost.jp
Angela,Spencer,940 Luster Drive,Leomil,Portugal,aspenceraj@hexun.com
Arthur,Murphy,5 Thompson Place,Licupis,Peru,amurphyak@patch.com
Shawn,Morales,87397 Claremont Way,Qianjia,China,smoralesal@skype.com
Emily,Mcdonald,97789 Portage Terrace,Chapayeve,Ukraine,emcdonaldam@chicagotribune.com
Christopher,Sullivan,04 Boyd Road,Valence,France,csullivanan@biblegateway.com
Robert,Simmons,41565 Rockefeller Park,Klumbu,Indonesia,rsimmonsao@prweb.com
Martin,Garza,6 Portage Point,Huatai,China,mgarzaap@columbia.edu
Shawn,Hall,9 Main Place,Palena,Chile,shallaq@com.com
Craig,Holmes,92 Scott Plaza,Fussa,Japan,cholmesar@army.mil
Paul,Washington,735 Bultman Road,Poshekhon’ye,Russia,pwashingtonas@paginegialle.it
Marie,Rogers,07187 Troy Street,Căuşeni,Moldova,mrogersat@mail.ru
Marilyn,Reed,558 Meadow Vale Plaza,Buđanovci,Serbia,mreedau@hostgator.com
Jose,Duncan,3267 Lighthouse Bay Point,Dolní Sloupnice,Czech Republic,jduncanav@wikispaces.com
Shawn,Flores,411 Westerfield Parkway,Gingsir,Indonesia,sfloresaw@arizona.edu
Chris,Richardson,53468 Bayside Pass,Borāzjān,Iran,crichardsonax@mashable.com
Arthur,Miller,855 Declaration Plaza,Pran Buri,Thailand,amilleray@eepurl.com
Eugene,Chapman,3579 Packers Pass,Mâcon,France,echapmanaz@cbc.ca
Timothy,Foster,74 Hermina Place,Parchowo,Poland,tfosterb0@amazon.de
Elizabeth,Fisher,59 Quincy Avenue,Phunphin,Thailand,efisherb1@prnewswire.com
Robert,Boyd,9464 Pennsylvania Avenue,Kertorejo,Indonesia,rboydb2@wisc.edu
Emily,Lopez,7632 Redwing Junction,San Juan Ixcoy,Guatemala,elopezb3@time.com
Dorothy,Moreno,2357 Saint Paul Parkway,Gaopu,China,dmorenob4@yellowbook.com
Richard,Hicks,3 Holy Cross Park,‘Ayn Ḩalāqīm,Syria,rhicksb5@aol.com
Howard,Rice,6604 Kropf Parkway,Itinga,Brazil,hriceb6@privacy.gov.au
Robin,Torres,6236 Drewry Lane,Roxas,Philippines,rtorresb7@hugedomains.com
Jason,Davis,6 Blue Bill Park Junction,Beijiang,China,jdavisb8@wikia.com
Patricia,Rodriguez,496 Leroy Place,Cosne-Cours-sur-Loire,France,prodriguezb9@mac.com
Lois,Ray,21167 Dunning Hill,Olinda,Brazil,lrayba@google.nl
Phillip,Williams,1894 Stang Circle,Chiang Khan,Thailand,pwilliamsbb@yellowbook.com
Anthony,Morales,82750 Crownhardt Avenue,Sandviken,Sweden,amoralesbc@amazon.co.jp
Charles,Meyer,7166 Bunker Hill Center,Esteio,Brazil,cmeyerbd@usgs.gov
Lori,Williams,3155 Nancy Court,Kašina,Croatia,lwilliamsbe@epa.gov
Heather,Turner,4 Dennis Road,Marseille,France,hturnerbf@google.pl
Louise,Gonzalez,12 Ridge Oak Crossing,Apitong,Philippines,lgonzalezbg@ftc.gov
Sarah,Ellis,898 David Lane,Júlio de Castilhos,Brazil,sellisbh@vimeo.com
Albert,Schmidt,21 Golf Park,Uujim,Mongolia,aschmidtbi@ustream.tv
Katherine,Wheeler,8 Hovde Road,Podivín,Czech Republic,kwheelerbj@ifeng.com
Cheryl,Stanley,17949 New Castle Road,Donan,Indonesia,cstanleybk@mail.ru
Ruth,Richards,0 Rockefeller Point,Mont-de-Marsan,France,rrichardsbl@state.gov
Jonathan,Ward,6569 Morrow Avenue,Markaz Mudhaykirah,Yemen,jwardbm@bandcamp.com
Helen,Sullivan,488 Village Center,Sigaboy,Philippines,hsullivanbn@loc.gov
Jose,Cole,72501 Hoffman Pass,Iparia,Peru,jcolebo@4shared.com
Juan,Moore,737 Northview Plaza,Mashan,China,jmoorebp@ebay.com
Kevin,Parker,90 Chinook Road,Bundibugyo,Uganda,kparkerbq@php.net
Paula,Crawford,877 Center Trail,Huwan,China,pcrawfordbr@weather.com
Stephen,Davis,37 Oneill Lane,Xigangzi,China,sdavisbs@answers.com
Andrea,Reyes,7820 John Wall Court,Nytva,Russia,areyesbt@comsenz.com
Mary,Stewart,89134 Valley Edge Junction,Liudong,China,mstewartbu@nps.gov
Janet,Martin,51038 Dahle Circle,Loučovice,Czech Republic,jmartinbv@msn.com
Carol,Patterson,82400 Jenna Lane,Kuala Lumpur,Malaysia,cpattersonbw@wordpress.org
Norma,Franklin,67 Fordem Way,Verkhovyna,Ukraine,nfranklinbx@etsy.com
Mildred,Sanders,14 Trailsway Crossing,Huiwan,China,msandersby@guardian.co.uk
Christine,Hughes,4 Anniversary Park,Kabacan,Philippines,chughesbz@craigslist.org
Kathleen,Smith,360 Village Alley,Częstochowa,Poland,ksmithc0@redcross.org
Sandra,Chavez,048 Barby Court,Santo Antônio da Platina,Brazil,schavezc1@fc2.com
Steven,Richards,25 1st Court,Dongshangen,China,srichardsc2@lulu.com
Nicole,George,29 Debra Court,Shangtian,China,ngeorgec3@discuz.net
Jane,Banks,7853 Farragut Alley,Pangpang,Philippines,jbanksc4@paginegialle.it
Bruce,Carpenter,062 Sullivan Trail,Ganzhou,China,bcarpenterc5@delicious.com
Virginia,Price,79455 Rutledge Lane,Choca do Mar,Portugal,vpricec6@people.com.cn
Benjamin,Duncan,78342 Sachs Point,Moroni,Comoros,bduncanc7@reuters.com
Willie,Sanchez,65877 Straubel Plaza,Ridderkerk,Netherlands,wsanchezc8@seesaa.net
Christopher,Hanson,346 Maryland Circle,Huaping,China,chansonc9@so-net.ne.jp
Patricia,Stevens,544 West Lane,Odolena Voda,Czech Republic,pstevensca@feedburner.com
Edward,Sanchez,020 Waubesa Avenue,Itako,Japan,esanchezcb@gov.uk
Jessica,Jones,21 Cherokee Junction,Großklein,Austria,jjonescc@npr.org
Jesse,Black,30 Jana Trail,Barra de São Francisco,Brazil,jblackcd@vinaora.com
Kathryn,Hayes,3441 Morrow Street,Zhouyuan,China,khayesce@harvard.edu
Theresa,Jordan,3679 Melby Circle,Dadoupu,China,tjordancf@moonfruit.com
Daniel,Ward,92 Hooker Lane,Esperanza,Argentina,dwardcg@go.com
Sara,Ramos,55488 Ryan Way,Podivín,Czech Republic,sramosch@rambler.ru
Carlos,Washington,0893 Buell Lane,Gaoqiaolou,China,cwashingtonci@examiner.com
Dorothy,Lewis,2 Merrick Point,El Cuy,Argentina,dlewiscj@sakura.ne.jp
Terry,Cook,88 Monterey Parkway,Murici,Brazil,tcookck@skype.com
Scott,Burns,1793 Morningstar Hill,Malabugas,Philippines,sburnscl@myspace.com
Rose,Williamson,8 Maple Wood Plaza,Vogar,Iceland,rwilliamsoncm@hibu.com
Joyce,Robertson,9 Saint Paul Alley,San Juan de Planes,Honduras,jrobertsoncn@ask.com
Earl,Jenkins,05 Larry Park,Secang Barat,Indonesia,ejenkinsco@livejournal.com
Patrick,Berry,7564 Tennyson Hill,Chepes,Argentina,pberrycp@homestead.com
Antonio,Cruz,8586 Chive Terrace,Sabang,Philippines,acruzcq@huffingtonpost.com
Carl,Campbell,407 Duke Drive,Don Mueang,Thailand,ccampbellcr@unicef.org
Walter,Wells,00128 Waubesa Street,Changtang,China,wwellscs@wufoo.com
Helen,Taylor,60 Golf Course Trail,Lis,Albania,htaylorct@wunderground.com
Rachel,Ward,5 South Junction,Villa Ángela,Argentina,rwardcu@theglobeandmail.com
Charles,Myers,31406 Eliot Place,Biwer,Luxembourg,cmyerscv@webmd.com
Johnny,Austin,68 Clarendon Hill,Zhongwei,China,jaustincw@ucsd.edu
Benjamin,Schmidt,54796 Ilene Drive,Bundoran,Ireland,bschmidtcx@hostgator.com
Douglas,Ortiz,69552 Truax Drive,Anfu,China,dortizcy@slate.com
Anna,Fisher,2 Green Avenue,Sîr ed Danniyé,Lebanon,afishercz@ifeng.com
Gregory,Diaz,2 Del Mar Parkway,Zaraysk,Russia,gdiazd0@msn.com
Earl,Crawford,70533 Stone Corner Point,Yuanyang,China,ecrawfordd1@ebay.com
Kathy,Andrews,289 Pennsylvania Alley,Ambar,Peru,kandrewsd2@hhs.gov
Brian,Ferguson,4 Straubel Hill,Kuczbork-Osada,Poland,bfergusond3@china.com.cn
Adam,Myers,31 Forest Run Court,Porecatu,Brazil,amyersd4@theglobeandmail.com
Scott,Mason,6 Shasta Pass,Laimuda,Indonesia,smasond5@ovh.net
Annie,White,6 Dennis Junction,Krajan Rowokangkung,Indonesia,awhited6@unblog.fr
Shirley,Webb,2157 Independence Terrace,Gaillac,France,swebbd7@adobe.com
Brandon,Watson,572 Meadow Valley Alley,Fontenay-sous-Bois,France,bwatsond8@oakley.com
Jeffrey,Cox,8869 Summer Ridge Park,Otan Aiyegbaju,Nigeria,jcoxd9@google.ca
Philip,Gilbert,25 Veith Plaza,Herby,Poland,pgilbertda@wordpress.org
Eugene,Wells,4 Utah Circle,Upton,United Kingdom,ewellsdb@mail.ru
Ashley,Ray,3006 1st Circle,Manzë,Albania,araydc@virginia.edu
Ann,Murphy,57 Myrtle Pass,Urshel’skiy,Russia,amurphydd@mac.com
Susan,Evans,737 Sutteridge Place,Zharrëz,Albania,sevansde@disqus.com
Kelly,Rose,73556 Harper Trail,Yinjiacheng,China,krosedf@yellowbook.com
Ronald,Dean,73 Caliangt Crossing,Topeka,United States,rdeandg@last.fm
Jennifer,Wood,78876 Hallows Court,Dongen,Netherlands,jwooddh@friendfeed.com
Angela,Adams,4 Dennis Plaza,Nueva Guadalupe,El Salvador,aadamsdi@wordpress.com
Eric,West,34292 Messerschmidt Way,Pouébo,New Caledonia,ewestdj@examiner.com
Willie,Chapman,39 Delladonna Drive,Tandzut,Armenia,wchapmandk@xing.com
Jack,Lewis,76752 Northridge Road,Pandan,Indonesia,jlewisdl@goo.gl
Mildred,Murray,02 Ridgeview Trail,Karangsuko,Indonesia,mmurraydm@hubpages.com
Thomas,Harper,909 Homewood Trail,Paris 17,France,tharperdn@clickbank.net
Heather,Morales,30 Schurz Court,Anserma,Colombia,hmoralesdo@yolasite.com
Willie,Barnes,23929 Hagan Point,Mashan,China,wbarnesdp@reverbnation.com
Ernest,Elliott,4 Prairieview Alley,Pizhma,Russia,eelliottdq@cbc.ca
Harry,Alexander,60 Doe Crossing Road,Divjakë,Albania,halexanderdr@arstechnica.com
Michael,King,23 Granby Trail,Leipzig,Germany,mkingds@google.com.au
Anna,Little,96 Oneill Point,Neochórion,Greece,alittledt@soundcloud.com
Douglas,Mcdonald,6934 Buhler Avenue,Lidong,China,dmcdonalddu@sogou.com
Jeffrey,Griffin,13589 Banding Court,Kowalewo Pomorskie,Poland,jgriffindv@amazonaws.com
Antonio,Oliver,7036 Moose Center,Fendou,China,aoliverdw@miibeian.gov.cn
Roger,Patterson,17031 Mesta Center,Amaury,Mauritius,rpattersondx@stanford.edu
Elizabeth,Henderson,9 Buena Vista Terrace,Meipu,China,ehendersondy@oracle.com
Gregory,Porter,3 Maple Trail,Mengenkrajan,Indonesia,gporterdz@theguardian.com
Katherine,Kennedy,0 Pankratz Hill,Smolino,Russia,kkennedye0@indiegogo.com
Sarah,Stanley,052 Mayfield Crossing,Shirahamachō-usazakiminami,Japan,sstanleye1@google.com.br
Paula,Woods,8218 Delaware Way,Ngaoundéré,Cameroon,pwoodse2@vk.com
Kenneth,Riley,77227 Northview Circle,Wat Bot,Thailand,krileye3@senate.gov
Christine,Wagner,902 Nobel Road,Jiusi,China,cwagnere4@pbs.org
Raymond,Allen,056 Fisk Alley,Beijós,Portugal,rallene5@linkedin.com
Jason,King,3 Bartillon Court,Mubi,Nigeria,jkinge6@arstechnica.com
Judith,Willis,83880 Marcy Alley,Kudymkar,Russia,jwillise7@friendfeed.com
Carl,Tucker,864 Oneill Avenue,Hai Riêng,Vietnam,ctuckere8@google.es
Ernest,Long,42 Shelley Street,Narbonne,France,elonge9@marketwatch.com
Michael,Fuller,77820 Esker Park,Taizhou,China,mfullerea@shareasale.com
Marie,Wallace,5 Bashford Plaza,Köln,Germany,mwallaceeb@umich.edu
Norma,Gutierrez,8542 Arapahoe Road,Wąbrzeźno,Poland,ngutierrezec@unesco.org
James,Bradley,4 Debra Point,Ngrejo,Indonesia,jbradleyed@psu.edu
Juan,Hunt,9278 Portage Terrace,Massawa,Eritrea,jhuntee@rakuten.co.jp
Andrea,Nichols,4324 Nova Place,Beoga,Indonesia,anicholsef@columbia.edu
Annie,Hudson,719 Bashford Street,Libao,China,ahudsoneg@odnoklassniki.ru
Patricia,Torres,9 8th Court,Iguatu,Brazil,ptorreseh@trellian.com
Stephen,Brooks,95 Algoma Center,Cochabamba,Peru,sbrooksei@oakley.com
Harry,Romero,40179 Reindahl Trail,Meudon,France,hromeroej@spiegel.de
Ralph,Riley,257 Rutledge Park,Ifanes,Portugal,rrileyek@phpbb.com
Teresa,Davis,21 Elgar Pass,Fengting,China,tdavisel@msu.edu
Beverly,Bradley,89356 Dennis Pass,Chengcun,China,bbradleyem@privacy.gov.au
Ryan,Tucker,145 Esch Avenue,Baoshan,China,rtuckeren@blogspot.com
Elizabeth,Perez,47 Upham Crossing,Burunday,Kazakhstan,eperezeo@blogspot.com
Joyce,Rodriguez,71517 Orin Crossing,Laleng,Indonesia,jrodriguezep@uol.com.br
Kimberly,Carroll,26 Redwing Court,Asmara,Eritrea,kcarrolleq@addtoany.com
Evelyn,West,8005 Sheridan Street,Tangping,China,ewester@bigcartel.com
Nicole,Ward,13611 Sunfield Park,Málaga,Colombia,nwardes@issuu.com
Fred,Burton,5 Lake View Trail,Bunol,Philippines,fburtonet@spiegel.de
Samuel,Willis,5 Hazelcrest Terrace,Ramotswa,Botswana,swilliseu@indiegogo.com
Annie,Miller,9 Fairfield Crossing,Belfort,France,amillerev@apple.com
Alan,Butler,293 Granby Drive,Xinqiao,China,abutlerew@mapquest.com
Pamela,Torres,85596 Oakridge Point,Litibakul,Indonesia,ptorresex@rakuten.co.jp
Donna,Clark,9275 Cherokee Center,Millet,Canada,dclarkey@purevolume.com
Samuel,Mills,14 Messerschmidt Parkway,Beiwucha,China,smillsez@marketwatch.com
Phillip,Robertson,5163 Bonner Avenue,Hanji,China,probertsonf0@webmd.com
Lori,Ray,4 Russell Plaza,Navatat,Philippines,lrayf1@myspace.com
Thomas,Grant,047 Sundown Way,Berlin,Germany,tgrantf2@ameblo.jp
Michael,Parker,23693 Westerfield Pass,Xinbao,China,mparkerf3@360.cn
Anne,Simpson,08 Crest Line Junction,Fenghuangdong,China,asimpsonf4@blog.com
Janice,Sanders,02 Spaight Terrace,Kotadukuh,Indonesia,jsandersf5@4shared.com
Jose,Watson,99216 Roxbury Place,Goseong,South Korea,jwatsonf6@biblegateway.com
Carlos,Hill,101 Kings Parkway,Vlasenica,Bosnia and Herzegovina,chillf7@homestead.com
Patricia,Hughes,8 Toban Road,Albuera,Philippines,phughesf8@ebay.co.uk
Irene,Matthews,24 Manufacturers Drive,Smålandsstenar,Sweden,imatthewsf9@xing.com
Elizabeth,Ellis,457 Hazelcrest Alley,Smara,Western Sahara,eellisfa@live.com
Julie,Martin,7463 Montana Junction,Cortiços,Portugal,jmartinfb@alibaba.com
Peter,Castillo,934 Vidon Trail,Norrköping,Sweden,pcastillofc@imageshack.us
Teresa,Russell,02763 Harper Road,Al ‘Awjah,Iraq,trussellfd@mashable.com
Jessica,Coleman,28034 Havey Plaza,Nahura,Indonesia,jcolemanfe@chron.com
Kevin,Wheeler,3 Carberry Terrace,Rancharia,Brazil,kwheelerff@moonfruit.com
Pamela,Clark,4535 Roth Trail,Daultāla,Pakistan,pclarkfg@oracle.com
Sandra,Carpenter,95772 Jay Hill,Quezaltepeque,El Salvador,scarpenterfh@xrea.com
Lillian,Gilbert,9 Gina Street,El Guapinol,Honduras,lgilbertfi@google.ru
Sean,Ramos,08 Gateway Drive,Nechanice,Czech Republic,sramosfj@hhs.gov
Helen,Taylor,027 Vernon Center,Hyesan-si,North Korea,htaylorfk@arizona.edu
Juan,Morrison,853 Maryland Crossing,San Antonio de los Baños,Cuba,jmorrisonfl@blogspot.com
Deborah,Anderson,79641 Center Avenue,Örebro,Sweden,dandersonfm@ifeng.com
Harold,Hicks,4169 Cody Crossing,Gaoxing,China,hhicksfn@ted.com
Anthony,Hall,34936 Grasskamp Point,Mora,Cameroon,ahallfo@spotify.com
Eric,Stevens,78 Hanson Alley,Curití,Colombia,estevensfp@imageshack.us
John,Martin,335 Mockingbird Circle,Buenavista,Philippines,jmartinfq@lulu.com
Jeremy,Montgomery,5 Springview Parkway,Smederevo,Serbia,jmontgomeryfr@imdb.com
Elizabeth,Thompson,3244 Del Sol Street,Yag La,China,ethompsonfs@list-manage.com
Lawrence,Gilbert,2 Ohio Avenue,Dabao,China,lgilbertft@samsung.com
Adam,Snyder,654 Granby Pass,Ambarawa,Indonesia,asnyderfu@forbes.com
Lori,Owens,9 Lyons Park,Pinhão,Brazil,lowensfv@blogs.com
Norma,Watkins,30750 Elgar Terrace,Al Azraq ash Shamālī,Jordan,nwatkinsfw@studiopress.com
Robin,Duncan,47074 Clyde Gallagher Way,Hazlov,Czech Republic,rduncanfx@prlog.org
Gary,Simmons,3471 Comanche Court,Pakemitan Dua,Indonesia,gsimmonsfy@fda.gov
Rebecca,Hughes,54 North Parkway,Apengjiang,China,rhughesfz@economist.com
Charles,Cook,995 Warner Place,Derbur,China,ccookg0@ning.com
Roy,Hart,7566 Nelson Terrace,Mariestad,Sweden,rhartg1@com.com
Ryan,Sullivan,73 Drewry Circle,Anjirserapat,Indonesia,rsullivang2@flickr.com
Robin,Gutierrez,2 Maryland Trail,Monte Novo,Portugal,rgutierrezg3@buzzfeed.com
Martin,Pierce,970 Cherokee Pass,Vetrino,Bulgaria,mpierceg4@google.ru
Bonnie,Garrett,929 Holy Cross Terrace,Amalfi,Colombia,bgarrettg5@cdc.gov
Chris,Fuller,4 Hallows Trail,Doljo,Philippines,cfullerg6@tinypic.com
Timothy,Owens,78732 Miller Circle,Longjumeau,France,towensg7@ask.com
Diane,Fernandez,36081 Nelson Way,Vila Nova de Gaia,Portugal,dfernandezg8@desdev.cn
Shawn,Palmer,1 Northridge Park,Wantian,China,spalmerg9@bloglovin.com
Ruth,George,5438 Badeau Center,Mungo,Philippines,rgeorgega@photobucket.com
Wayne,Howell,916 Talmadge Hill,Ivry-sur-Seine,France,whowellgb@loc.gov
Robert,Richardson,397 Coolidge Hill,Candon,Philippines,rrichardsongc@netlog.com
Roy,Garza,987 Scott Center,Gritsovskiy,Russia,rgarzagd@webnode.com
Kenneth,Bailey,1182 Dixon Road,Chumphon Buri,Thailand,kbaileyge@aboutads.info
Jennifer,Jones,37 Bashford Trail,Kuštilj,Serbia,jjonesgf@stumbleupon.com
Doris,Shaw,39 Homewood Alley,Muang Long,Laos,dshawgg@wp.com
Elizabeth,Coleman,7635 Dahle Circle,Xianhe,China,ecolemangh@alibaba.com
Eric,Morris,44 Hooker Crossing,Biljača,Serbia,emorrisgi@senate.gov
Anne,Green,2 Ramsey Lane,Oslo,Norway,agreengj@bloomberg.com
Sara,Crawford,282 Calypso Parkway,Vukovije Donje,Bosnia and Herzegovina,scrawfordgk@booking.com
Julia,Graham,745 Killdeer Trail,Floridablanca,Colombia,jgrahamgl@discuz.net
Anne,Snyder,3 Summer Ridge Court,Qiansuo,China,asnydergm@list-manage.com
Janice,Jordan,69 Schmedeman Lane,Felgueiras,Portugal,jjordangn@smugmug.com
Carol,Burns,432 Myrtle Trail,Kansas City,United States,cburnsgo@cocolog-nifty.com
Wanda,Gomez,02101 Clove Circle,Sarandë,Albania,wgomezgp@wikipedia.org
Bobby,Stanley,18 Scofield Drive,Zaoshi,China,bstanleygq@google.com.br
Terry,White,5 Fremont Way,Beizi,China,twhitegr@bigcartel.com
Laura,Webb,0 Aberg Park,Kembang,Indonesia,lwebbgs@theguardian.com
Charles,Jordan,87 Mayfield Junction,Shahumyan,Armenia,cjordangt@alexa.com
Daniel,Lynch,6 Becker Pass,San Pedro de Atacama,Chile,dlynchgu@soup.io
Heather,Smith,8133 Fuller Court,Norrköping,Sweden,hsmithgv@jimdo.com
Tammy,Green,0914 Stephen Plaza,Gambalidio,Philippines,tgreengw@qq.com
Kathryn,Davis,7 Morningstar Avenue,Nabeul,Tunisia,kdavisgx@fema.gov
Adam,Scott,4437 Surrey Circle,Jalgung,Indonesia,ascottgy@fastcompany.com
Eric,Peterson,8161 Commercial Hill,Riosucio,Colombia,epetersongz@netscape.com
Ruby,Henderson,4 Monica Way,Santana do Livramento,Brazil,rhendersonh0@sciencedirect.com
Kevin,Ryan,1 American Hill,Brodósqui,Brazil,kryanh1@mlb.com
Phillip,Mills,7 6th Alley,Seara,Portugal,pmillsh2@usa.gov
Justin,Ferguson,9086 Morrow Street,Zuru,Nigeria,jfergusonh3@columbia.edu
Aaron,Perkins,93 Thierer Crossing,Nong Khai,Thailand,aperkinsh4@wufoo.com
Fred,Sims,78096 Hazelcrest Park,Tambong,Philippines,fsimsh5@xrea.com
Roy,Gomez,771 Menomonie Court,Xiamazhuang,China,rgomezh6@ucoz.com
Ruby,Lane,663 Elgar Avenue,Guadalupe,Philippines,rlaneh7@biblegateway.com
Sandra,Morales,88083 Autumn Leaf Center,Puncaksempur,Indonesia,smoralesh8@google.co.jp
Victor,Thomas,096 Northwestern Junction,Bouças,Portugal,vthomash9@opera.com
Evelyn,Mccoy,9 Crest Line Pass,Laau,Indonesia,emccoyha@issuu.com
Kelly,Robertson,954 Lakeland Road,Valera,Venezuela,krobertsonhb@dot.gov
Carl,Hunter,64 Hanover Way,Jisegumen,China,chunterhc@springer.com
Larry,Hawkins,7 Dorton Road,Eksjö,Sweden,lhawkinshd@wikipedia.org
Nicholas,Hernandez,57249 Forest Run Street,Kalino,Russia,nhernandezhe@umn.edu
Jesse,Hansen,7 Oak Valley Drive,Xiaosong,China,jhansenhf@quantcast.com
Frances,Moore,56147 Everett Road,Trollhättan,Sweden,fmoorehg@businesswire.com
Kenneth,Roberts,00352 Dakota Trail,Matagami,Canada,krobertshh@theatlantic.com
Samuel,Martin,61 Springview Road,Youkounkoun,Guinea,smartinhi@cdc.gov
Kimberly,Nichols,14 Rigney Park,Tullinge,Sweden,knicholshj@tuttocitta.it
Rebecca,Little,9 Jay Junction,Ipuh,Indonesia,rlittlehk@google.pl
Larry,Mendoza,45013 Mesta Trail,Meïganga,Cameroon,lmendozahl@newsvine.com
Harold,Cook,2 La Follette Trail,Hradec Králové,Czech Republic,hcookhm@tuttocitta.it
Christopher,James,061 Dapin Avenue,Qo‘qon,Uzbekistan,cjameshn@lulu.com
Bonnie,Evans,537 Carey Circle,Oss,Netherlands,bevansho@symantec.com
Gary,Gutierrez,63 Westport Court,Kara Suu,Kyrgyzstan,ggutierrezhp@wired.com
Jeremy,Thomas,07689 Jackson Circle,Lexington,United States,jthomashq@businessinsider.com
Dorothy,Hart,457 Debs Crossing,Limeira,Brazil,dharthr@intel.com
Christine,Carpenter,871 Dovetail Center,Passal,Portugal,ccarpenterhs@elpais.com
Amy,Schmidt,2 Lindbergh Road,Rakitovo,Bulgaria,aschmidtht@joomla.org
Gerald,Little,76 Washington Park,Tây Đằng,Vietnam,glittlehu@slideshare.net
Judith,Bishop,60 Morningstar Parkway,Jiaoxie,China,jbishophv@nhs.uk
Frances,Wheeler,4123 Pepper Wood Hill,Beitai,China,fwheelerhw@addtoany.com
Earl,Green,155 Warner Court,Wenci,China,egreenhx@jugem.jp
Margaret,Gray,0 Bonner Road,Nanhai,China,mgrayhy@sitemeter.com
Charles,Knight,280 Ridgeview Hill,Klampok,Indonesia,cknighthz@gnu.org
James,Rodriguez,6148 Northfield Street,Checca,Peru,jrodriguezi0@aol.com
Jason,Johnson,1340 Arapahoe Street,Ciroyom,Indonesia,jjohnsoni1@baidu.com
Brenda,Hall,11 Sullivan Trail,Anchau,Nigeria,bhalli2@bluehost.com
Victor,Meyer,6 Park Meadow Place,Anhua,China,vmeyeri3@123-reg.co.uk
Doris,Collins,21 Golf Drive,Rancabelut,Indonesia,dcollinsi4@behance.net
Deborah,Reyes,3601 Shopko Circle,Camindangan,Philippines,dreyesi5@squarespace.com
Alan,Rivera,99526 Melody Pass,Dingzigu,China,ariverai6@discovery.com
Frank,Stephens,60 Shoshone Way,Nanping,China,fstephensi7@tumblr.com
George,Palmer,57995 Center Lane,Iligan City,Philippines,gpalmeri8@fema.gov
Daniel,Nichols,3 Linden Road,Bonavista,Canada,dnicholsi9@uiuc.edu
Alice,Rodriguez,357 Morning Pass,Nālchiti,Bangladesh,arodriguezia@ftc.gov
Christina,Hunt,8974 Hovde Plaza,Tarakan,Indonesia,chuntib@ucoz.ru
Martha,Hunter,33484 Alpine Place,Bailieborough,Ireland,mhunteric@chron.com
Bobby,Brown,33 Twin Pines Crossing,Obudu,Nigeria,bbrownid@thetimes.co.uk
Jonathan,Reid,80 Havey Junction,Lokosovo,Russia,jreidie@fc2.com
Lori,Coleman,9322 Meadow Valley Place,Muricay,Philippines,lcolemanif@ow.ly
Beverly,Howell,3 Sundown Drive,Yintang,China,bhowellig@bluehost.com
Rebecca,Thomas,34 Ilene Plaza,Fengjiang,China,rthomasih@com.com
Christopher,Hayes,75 Arkansas Hill,Walahir,Indonesia,chayesii@stumbleupon.com
Chris,Gibson,0710 Melvin Place,Shijiazhuang,China,cgibsonij@eventbrite.com
Annie,Palmer,98076 Heath Point,Bonao,Dominican Republic,apalmerik@spotify.com
Kimberly,Fernandez,792 Dayton Way,Kamigyō-ku,Japan,kfernandezil@dell.com
Diane,West,833 Tomscot Park,Rönninge,Sweden,dwestim@tripod.com
Judith,Garcia,4 Meadow Valley Place,Piekoszów,Poland,jgarciain@unesco.org
Jesse,Duncan,702 Namekagon Plaza,Ivanivka,Ukraine,jduncanio@sakura.ne.jp
Johnny,Franklin,5870 Bultman Junction,Aldeia da Piedade,Portugal,jfranklinip@liveinternet.ru
Rachel,Montgomery,17033 Loftsgordon Pass,Bangangté,Cameroon,rmontgomeryiq@mtv.com
Aaron,Kelley,04 Ridge Oak Plaza,Berlin,Germany,akelleyir@epa.gov
Judy,Romero,44 Barnett Drive,Siumate,Indonesia,jromerois@webs.com
Justin,Rice,2669 Doe Crossing Plaza,Olofström,Sweden,jriceit@sina.com.cn
Lori,Dunn,912 Acker Plaza,Huicheng,China,ldunniu@godaddy.com
Todd,Butler,31 1st Way,Santol,Philippines,tbutleriv@yandex.ru
Lois,Lawson,18 Quincy Parkway,Ganjun,China,llawsoniw@google.com
Pamela,Spencer,295 Jana Avenue,Mendeleyevo,Russia,pspencerix@ow.ly
Joan,Morales,36 Debra Street,Vårby,Sweden,jmoralesiy@eventbrite.com
Joe,Carpenter,6 Old Gate Pass,Xingnong,China,jcarpenteriz@google.com.br
Alan,Vasquez,16 Burrows Hill,Rędziny,Poland,avasquezj0@csmonitor.com
Catherine,Stanley,81846 Fordem Street,Taluksangay,Philippines,cstanleyj1@constantcontact.com
Sean,Fuller,3 Rieder Junction,Tōbetsu,Japan,sfullerj2@independent.co.uk
Timothy,Peterson,1633 Sunbrook Lane,Sendang,Indonesia,tpetersonj3@reverbnation.com
Kimberly,Rogers,46 Shasta Trail,Mnichovo Hradiště,Czech Republic,krogersj4@cdc.gov
Melissa,Lane,9 Sommers Drive,Trollhättan,Sweden,mlanej5@webeden.co.uk
Kevin,Evans,26308 Barby Trail,Sete Cidades,Portugal,kevansj6@bizjournals.com
Michael,Kennedy,428 Harper Junction,Tsukuba,Japan,mkennedyj7@live.com
Craig,Cox,74 Lotheville Street,Tsuyama,Japan,ccoxj8@imgur.com
Timothy,Edwards,9738 Corben Crossing,Shāhpur Chākar,Pakistan,tedwardsj9@howstuffworks.com
Julie,Nelson,14 Raven Lane,Billdal,Sweden,jnelsonja@independent.co.uk
Susan,Berry,25 Monica Junction,Néa Pélla,Greece,sberryjb@dailymotion.com
David,Simpson,80177 Prairieview Parkway,Thành Phố Bà Rịa,Vietnam,dsimpsonjc@unc.edu
Jason,Hamilton,4 Eagan Center,Hongling,China,jhamiltonjd@xing.com
Donald,Cook,8256 Caliangt Crossing,Ad Dimnah,Yemen,dcookje@reverbnation.com
Judy,Simmons,5 Mcguire Plaza,Jerada,Morocco,jsimmonsjf@house.gov
Willie,Cooper,4 West Way,Mörrum,Sweden,wcooperjg@samsung.com
Norma,Cole,349 Pond Trail,Calebasses,Mauritius,ncolejh@patch.com
Fred,Wright,360 Havey Way,Tha Ruea,Thailand,fwrightji@china.com.cn
Jeffrey,Hudson,64 Summerview Parkway,Shigu,China,jhudsonjj@digg.com
Andrew,Cook,31 Roxbury Junction,Xiahong,China,acookjk@ted.com
Doris,Stewart,54468 4th Hill,Majiang,China,dstewartjl@elpais.com
David,Butler,6 North Parkway,Srinagarindra,Thailand,dbutlerjm@last.fm
Mildred,Duncan,735 Packers Park,Duwayr Raslān,Syria,mduncanjn@g.co
Kevin,Williamson,3820 Vidon Park,Pomahan,Indonesia,kwilliamsonjo@canalblog.com
Carolyn,Crawford,4 Reinke Park,Ebaye,Marshall Islands,ccrawfordjp@rambler.ru
Rachel,Willis,80 Lien Hill,Al Kiswah,Syria,rwillisjq@columbia.edu
Karen,Bell,99655 Village Green Place,Kostyantynivka,Ukraine,kbelljr@vistaprint.com
Gregory,Robinson,4 Nobel Court,Gaoxing,China,grobinsonjs@sourceforge.net
Ryan,Rose,3484 Merry Pass,Kalilangan,Philippines,rrosejt@webeden.co.uk
Amy,Wells,973 Westport Plaza,Waru,Indonesia,awellsju@nifty.com
Martin,Larson,80 School Court,La Plata,Argentina,mlarsonjv@latimes.com
Kevin,Woods,39770 Algoma Place,Pak Chong,Thailand,kwoodsjw@wisc.edu
Jeffrey,Lewis,415 Northridge Crossing,Cipicung,Indonesia,jlewisjx@apple.com
Michael,Gutierrez,81297 6th Junction,København,Denmark,mgutierrezjy@nsw.gov.au
Philip,Phillips,76 Holy Cross Circle,Amouguer,Morocco,pphillipsjz@zdnet.com
Deborah,Morales,6172 Shopko Court,Tyarlevo,Russia,dmoralesk0@tripod.com
Christopher,Dixon,732 Corscot Pass,Fkih Ben Salah,Morocco,cdixonk1@wiley.com
Laura,Patterson,883 Arrowood Plaza,Canguaretama,Brazil,lpattersonk2@flickr.com
Juan,Myers,776 Mcguire Crossing,Hoima,Uganda,jmyersk3@sogou.com
Jessica,Alexander,64 Bartelt Plaza,Otse,Botswana,jalexanderk4@paginegialle.it
Jerry,Rodriguez,09 Schmedeman Parkway,Wawa,Nigeria,jrodriguezk5@mapy.cz
Matthew,Lawson,4 Talmadge Lane,Piotrków Trybunalski,Poland,mlawsonk6@youtu.be
Alan,Brooks,789 Kim Center,San Ignacio de Velasco,Bolivia,abrooksk7@usnews.com
Brenda,Wood,144 Dovetail Pass,Galapa,Colombia,bwoodk8@weather.com
Catherine,Flores,96187 Buena Vista Junction,Oslo,Norway,cfloresk9@marketwatch.com
Kelly,Ferguson,2 Meadow Valley Court,Chŏngju,North Korea,kfergusonka@google.com.hk
Patricia,Shaw,798 Sheridan Court,Thouars,France,pshawkb@reverbnation.com
Theresa,Bishop,2 Kingsford Road,Ojrzeń,Poland,tbishopkc@ask.com
Sharon,Jackson,99 Talmadge Center,Taihe,China,sjacksonkd@ft.com
Carlos,Reyes,84 Derek Hill,Batulayang,Indonesia,creyeske@ucoz.ru
Bonnie,Chavez,5508 Sachs Court,Francistown,Botswana,bchavezkf@businessinsider.com
George,Jacobs,3 Gulseth Lane,Włocławek,Poland,gjacobskg@altervista.org
Frances,Lopez,46 Ridgeway Drive,Tampere,Finland,flopezkh@skyrock.com
Gregory,Simpson,77 Fordem Plaza,Nová Cerekev,Czech Republic,gsimpsonki@yolasite.com
Andrew,James,4 East Point,Sandovo,Russia,ajameskj@latimes.com
David,Fuller,84 Sachs Center,San Diego,United States,dfullerkk@cisco.com
Judy,Richards,75 Summit Alley,Dąbie,Poland,jrichardskl@infoseek.co.jp
Gary,Baker,73783 Gerald Parkway,Omurtag,Bulgaria,gbakerkm@acquirethisname.com
William,Stewart,61 Roxbury Center,Starigrad,Croatia,wstewartkn@berkeley.edu
James,Bradley,17506 Bobwhite Alley,Semīrom,Iran,jbradleyko@studiopress.com
Nicholas,Edwards,81340 Nancy Pass,Widuchowa,Poland,nedwardskp@nifty.com
Bruce,Phillips,3 Texas Place,Aracaju,Brazil,bphillipskq@domainmarket.com
Timothy,Gomez,953 Little Fleur Junction,Binhe,China,tgomezkr@ftc.gov
Carl,Marshall,872 Farwell Place,Nangakeo,Indonesia,cmarshallks@xing.com
Catherine,Ramos,09086 Jay Junction,Pengshi,China,cramoskt@a8.net
Heather,Dunn,008 International Circle,Rybinsk,Russia,hdunnku@bloglovin.com
Keith,Ray,688 Corben Lane,Puncakbaru,Indonesia,kraykv@opera.com
Richard,Crawford,81620 Florence Road,Quiling,Philippines,rcrawfordkw@netscape.com
Justin,Bradley,25 Leroy Point,Tougan,Burkina Faso,jbradleykx@hhs.gov
Rachel,Hamilton,07 Sheridan Way,Qızılhacılı,Azerbaijan,rhamiltonky@youku.com
Keith,Olson,7 Golf Lane,Benito Juarez,Mexico,kolsonkz@globo.com
Maria,Arnold,0 6th Park,Ilioúpoli,Greece,marnoldl0@mapquest.com
Christina,Wheeler,5000 Loomis Trail,Foros da Catrapona,Portugal,cwheelerl1@cnbc.com
Lori,Alexander,83 Warbler Street,Consolación del Sur,Cuba,lalexanderl2@google.com.br
Debra,Ellis,6 Hovde Alley,Memphis,United States,dellisl3@timesonline.co.uk
Jonathan,Clark,92 Melrose Road,Halle,Germany,jclarkl4@mediafire.com
Evelyn,Pierce,63 Donald Point,Guinsadan,Philippines,epiercel5@cdbaby.com
Walter,Vasquez,08853 Butternut Parkway,Fu’an,China,wvasquezl6@example.com
Todd,Peters,21371 Continental Road,Khirbat Tīn Nūr,Syria,tpetersl7@accuweather.com
Wanda,Stone,34 Melody Drive,Kuala Lumpur,Malaysia,wstonel8@friendfeed.com
Sarah,Adams,77691 Hoffman Way,Sinarbakti,Indonesia,sadamsl9@fda.gov
Nancy,Edwards,4 Westport Center,Babushkin,Russia,nedwardsla@hatena.ne.jp
Richard,Riley,19272 Evergreen Circle,Podstrana,Croatia,rrileylb@mapy.cz
Benjamin,Watkins,4643 Lukken Point,Tõrva,Estonia,bwatkinslc@naver.com
Lillian,Hill,21 Butternut Center,Nuku‘alofa,Tonga,lhillld@yahoo.co.jp
Jack,Simmons,027 Judy Plaza,Sampaloc,Philippines,jsimmonsle@mapy.cz
Jason,Henderson,488 Shelley Way,Jovim,Portugal,jhendersonlf@sciencedaily.com
Evelyn,Wallace,9277 Mandrake Road,Qila Abdullāh,Pakistan,ewallacelg@nyu.edu
Sharon,Dunn,0367 Coolidge Park,Alvalade,Portugal,sdunnlh@e-recht24.de
Tammy,Nelson,02665 Village Green Circle,Anrong,China,tnelsonli@simplemachines.org
Janet,Warren,6 Miller Point,Shanling,China,jwarrenlj@dagondesign.com
Michelle,Mason,9735 Moland Way,Tacoma,United States,mmasonlk@vistaprint.com
Frank,Weaver,347 Summit Alley,Ntonggu,Indonesia,fweaverll@instagram.com
Philip,Alexander,0170 Corry Drive,Fengping,China,palexanderlm@soundcloud.com
Todd,Reynolds,94964 Mitchell Court,Oxford,Canada,treynoldsln@drupal.org
Carol,Morrison,0263 Meadow Ridge Plaza,Kiviõli,Estonia,cmorrisonlo@mail.ru
Robin,Turner,04353 Riverside Junction,Sŭngho 1-tong,North Korea,rturnerlp@cam.ac.uk
Debra,West,654 Stuart Parkway,Hairag,China,dwestlq@ucoz.com
Douglas,Nichols,9 Commercial Way,Thị Trấn Mù Cang Chải,Vietnam,dnicholslr@accuweather.com
Jerry,Howard,9489 Kensington Pass,Nelazskoye,Russia,jhowardls@statcounter.com
Wayne,Hudson,67 Sundown Lane,Shizukuishi,Japan,whudsonlt@boston.com
Ann,Chavez,76619 Iowa Road,Yupiltepeque,Guatemala,achavezlu@php.net
Nancy,Pierce,9 Veith Street,Yanling,China,npiercelv@homestead.com
Teresa,Richards,170 Bluestem Junction,Ciguna,Indonesia,trichardslw@godaddy.com
Melissa,Miller,4207 Maryland Hill,Mingelchaur,Azerbaijan,mmillerlx@baidu.com
Martin,Evans,976 Crescent Oaks Lane,Boguchar,Russia,mevansly@opera.com
Andrea,King,4 Thompson Junction,Gines-Patay,Philippines,akinglz@google.com.au
Rachel,Kim,49170 Anniversary Lane,Alto de São Sebastião,Portugal,rkimm0@tmall.com
William,Lopez,3 Green Ridge Way,Zhengwan,China,wlopezm1@squarespace.com
Denise,Welch,073 Southridge Street,Welkom,South Africa,dwelchm2@google.ru
Ryan,Cole,95 Larry Alley,Cangshan,China,rcolem3@hibu.com
Jack,Howell,3129 Emmet Drive,Talodi,Sudan,jhowellm4@dropbox.com
Ruth,Pierce,808 Westport Avenue,Dehang,China,rpiercem5@lycos.com
Debra,Shaw,802 Golden Leaf Way,Kufa,Iraq,dshawm6@digg.com
Marie,Lopez,3862 Clarendon Crossing,Béré,Chad,mlopezm7@sina.com.cn
Sean,Chapman,2601 Mallory Hill,Waso,Indonesia,schapmanm8@unesco.org
Willie,Kelly,89394 Randy Trail,Bayt Yāshūţ,Syria,wkellym9@amazon.co.uk
Thomas,Thompson,6 Heffernan Trail,Khān Yūnis,Palestinian Territory,tthompsonma@state.gov
Lois,Ramirez,61726 Sutteridge Road,Kesheng,China,lramirezmb@ocn.ne.jp
Phyllis,Adams,0 Anderson Hill,Kombapari,Indonesia,padamsmc@amazonaws.com
Karen,Rice,870 Oak Center,Butungan,Indonesia,kricemd@apache.org
Frank,Lawson,89877 Fairfield Street,Hrušovany u Brna,Czech Republic,flawsonme@example.com
Randy,Gonzales,23 Hayes Lane,Yoichi,Japan,rgonzalesmf@exblog.jp
Christina,Bradley,53257 Brentwood Road,Nazaré da Mata,Brazil,cbradleymg@patch.com
Debra,Baker,13 Ryan Crossing,Xiaohe,China,dbakermh@google.com
Jennifer,Palmer,3247 Chinook Plaza,Bang Yai,Thailand,jpalmermi@businessweek.com
Anna,Henderson,369 Lawn Point,Águia Branca,Brazil,ahendersonmj@google.es
Frances,Myers,690 Kropf Alley,Dayr Sharaf,Palestinian Territory,fmyersmk@dmoz.org
Laura,Dixon,836 Evergreen Avenue,Pregonero,Venezuela,ldixonml@blogs.com
Wayne,Welch,03893 Kennedy Pass,Prachamtakham,Thailand,wwelchmm@sourceforge.net
Joseph,Harrison,0543 Mallory Court,Ingersoll,Canada,jharrisonmn@sun.com
Stephen,Henderson,9 Truax Place,Maswarah,Yemen,shendersonmo@moonfruit.com
Larry,Holmes,6 Kennedy Terrace,Sucre,Bolivia,lholmesmp@mashable.com
Laura,Holmes,9 Gerald Avenue,Carrigaline,Ireland,lholmesmq@nsw.gov.au
Richard,Meyer,8 Hanover Park,Golcowa,Poland,rmeyermr@weather.com
Anna,Carr,78 International Trail,Al Khānkah,Egypt,acarrms@va.gov
Martin,Daniels,273 3rd Parkway,Chirkey,Russia,mdanielsmt@netlog.com
Kathy,Woods,4 Kennedy Crossing,Avellaneda,Argentina,kwoodsmu@spotify.com
Anna,Williams,28 New Castle Court,Jianghai,China,awilliamsmv@bing.com
Kathryn,Gonzales,67 Farragut Crossing,Sacramento,United States,kgonzalesmw@deliciousdays.com
Jacqueline,Carr,5943 Darwin Park,Stamboliyski,Bulgaria,jcarrmx@shop-pro.jp
Debra,Hayes,4502 Moulton Way,Póvoa,Portugal,dhayesmy@paypal.com
Billy,Harris,80 Anderson Center,Chão de Couce,Portugal,bharrismz@usnews.com
Judith,Lawrence,766 Briar Crest Road,Muhos,Finland,jlawrencen0@hostgator.com
Irene,Lee,180 Upham Trail,Ilha Solteira,Brazil,ileen1@webnode.com
Billy,Torres,617 Summerview Crossing,Andrushivka,Ukraine,btorresn2@deviantart.com
Kathleen,Willis,97703 Meadow Valley Terrace,Domalanoan,Philippines,kwillisn3@techcrunch.com
Craig,Wilson,698 Weeping Birch Parkway,Thiers,France,cwilsonn4@a8.net
Larry,Cole,06556 Ilene Court,Temizhbekskaya,Russia,lcolen5@umn.edu
Walter,Hayes,97346 Columbus Plaza,Chat Trakan,Thailand,whayesn6@mapy.cz
Joyce,Hernandez,519 Shelley Trail,Empedrado,Argentina,jhernandezn7@businessinsider.com
Kelly,Allen,44 Village Park,Noda,Japan,kallenn8@google.com.br
Sharon,Wallace,32 Meadow Valley Place,Bājitpur,Bangladesh,swallacen9@rediff.com
Janet,Sanders,3 Monica Pass,Santa Rosa,Argentina,jsandersna@tuttocitta.it
Shawn,Watkins,0 Elmside Drive,Padaran,Indonesia,swatkinsnb@youtu.be
Donna,Griffin,4761 Grayhawk Court,Ponte da Pedra,Portugal,dgriffinnc@senate.gov
Norma,Allen,30259 Walton Parkway,Liangdang Chengguanzhen,China,nallennd@plala.or.jp
Robert,Mills,14402 Kedzie Center,Rukem,Indonesia,rmillsne@mtv.com
Matthew,Wood,5463 Tomscot Center,Jiangdianzi,China,mwoodnf@yellowpages.com
Ernest,Walker,4 Valley Edge Pass,Boldumsaz,Turkmenistan,ewalkerng@google.com.br
Lawrence,Willis,8 Garrison Parkway,Abū Tīj,Egypt,lwillisnh@nba.com
Terry,Hawkins,40 Moulton Center,Chai Badan,Thailand,thawkinsni@oakley.com
Brenda,Cunningham,6 Prairie Rose Hill,Ashton,South Africa,bcunninghamnj@themeforest.net
Ruby,Anderson,27829 Graceland Crossing,Komorní Lhotka,Czech Republic,randersonnk@hhs.gov
Frances,Ortiz,5407 Morrow Alley,Santa Rosa,United States,fortiznl@smh.com.au
Barbara,Fuller,5136 Dorton Avenue,Gaurnadi,Bangladesh,bfullernm@go.com
Gregory,Smith,498 Summit Place,Yi’an,China,gsmithnn@tmall.com
Stephen,Alvarez,93800 Gulseth Circle,Novaya Lyalya,Russia,salvarezno@answers.com
Aaron,Patterson,951 Anthes Lane,Zongga,China,apattersonnp@eventbrite.com
Jose,Hanson,43395 Artisan Pass,Lecheng,China,jhansonnq@e-recht24.de
Kathleen,Hudson,9668 Algoma Park,Qimeng,China,khudsonnr@webmd.com
Sean,Sims,5714 Eastlawn Junction,Kayangel,Palau,ssimsns@zimbio.com
Irene,Adams,00386 Russell Street,Shirone,Japan,iadamsnt@studiopress.com
Amanda,Simpson,589 Lake View Junction,Roodepoort,South Africa,asimpsonnu@marriott.com
Chris,Bell,0252 Schlimgen Road,Toulouse,France,cbellnv@sciencedirect.com
Joseph,Bowman,534 Lakewood Gardens Street,Charenton-le-Pont,France,jbowmannw@pen.io
Patrick,Henderson,77499 Darwin Pass,Leuwibuleud,Indonesia,phendersonnx@51.la
Sandra,Carpenter,2 Haas Hill,Macas,Ecuador,scarpenterny@microsoft.com
Elizabeth,Arnold,02399 Del Mar Circle,Nurota Shahri,Uzbekistan,earnoldnz@sitemeter.com
Scott,Jones,0 Hermina Trail,Shaoha,China,sjoneso0@globo.com
Sharon,Wilson,21 Johnson Park,Tangwang,China,swilsono1@auda.org.au
Roy,Mason,9 Northridge Junction,Baní,Dominican Republic,rmasono2@answers.com
John,Hudson,291 Golf View Street,Pan-an,Philippines,jhudsono3@devhub.com
Anne,Robinson,53 Killdeer Parkway,Pulupandan,Philippines,arobinsono4@uiuc.edu
Carl,Scott,76 Marquette Alley,Ranot,Thailand,cscotto5@woothemes.com
Dorothy,Wood,2358 Mosinee Drive,Longonjo,Angola,dwoodo6@npr.org
Joseph,Nelson,60363 Twin Pines Hill,Sakule,Serbia,jnelsono7@msn.com
Daniel,Chavez,9663 Rockefeller Point,Fuxi,China,dchavezo8@google.co.jp
Virginia,Hawkins,4 Dahle Pass,Aourir,Morocco,vhawkinso9@timesonline.co.uk
Susan,Carpenter,72201 Talisman Circle,Ping’an,China,scarpenteroa@wordpress.org
Elizabeth,Patterson,8473 Bunker Hill Circle,Rudolfov,Czech Republic,epattersonob@bandcamp.com
Shawn,Chavez,2616 Carey Center,Houston,United States,schavezoc@samsung.com
Frances,Dean,21863 Brown Pass,Valladolid,Spain,fdeanod@nature.com
Nicholas,Jacobs,65 Banding Circle,Grivenskaya,Russia,njacobsoe@printfriendly.com
Willie,Fox,025 International Point,Rukem,Indonesia,wfoxof@answers.com
Harold,Peterson,5832 Springs Circle,Bukavu,Democratic Republic of the Congo,hpetersonog@google.fr
Walter,Fuller,7 Maywood Crossing,Kutamangu,Indonesia,wfulleroh@shutterfly.com
Roy,Fields,18600 Elmside Way,Písečná,Czech Republic,rfieldsoi@engadget.com
Martin,Harvey,17 Meadow Ridge Hill,Vinica,Croatia,mharveyoj@list-manage.com
Louise,Martinez,57775 Dorton Avenue,Glendale,United States,lmartinezok@mac.com
Joyce,Scott,8 Mandrake Place,Itzer,Morocco,jscottol@free.fr
Helen,Black,5166 Luster Street,Morrison,Argentina,hblackom@si.edu
Ronald,Parker,5 Mayer Way,Suḩayl Shibām,Yemen,rparkeron@google.it
Deborah,Williams,0358 Farmco Hill,Kinalansan,Philippines,dwilliamsoo@apple.com
Phillip,Clark,60613 Northridge Parkway,Surkhakhi,Russia,pclarkop@godaddy.com
Barbara,Harper,28087 Schurz Drive,Krasne,Poland,bharperoq@cocolog-nifty.com
Lori,Hansen,5 Sycamore Hill,Tamboril,Dominican Republic,lhansenor@jimdo.com
Annie,Lee,45 Rieder Hill,Al Fashn,Egypt,aleeos@liveinternet.ru
Kimberly,Chapman,21761 Kedzie Alley,Żarki-Letnisko,Poland,kchapmanot@angelfire.com
Daniel,Lopez,02 Crescent Oaks Road,Minusinsk,Russia,dlopezou@homestead.com
Walter,Jenkins,7402 Katie Terrace,Rio Claro,Brazil,wjenkinsov@spiegel.de
Shirley,Stevens,61467 Golf View Place,Maras,Peru,sstevensow@cnet.com
Carlos,Diaz,9 Emmet Junction,Airmadidi,Indonesia,cdiazox@moonfruit.com
Karen,Martinez,316 Mendota Hill,Gaoxiang,China,kmartinezoy@51.la
Clarence,Green,958 Forest Dale Street,Tongda,China,cgreenoz@intel.com
Jack,Bennett,62183 Buell Crossing,Gaoling,China,jbennettp0@buzzfeed.com
Kenneth,Clark,63 Maywood Terrace,Rechitsy,Russia,kclarkp1@fotki.com
Arthur,Crawford,2 Barby Parkway,Currais Novos,Brazil,acrawfordp2@ehow.com
Lois,Willis,115 Burning Wood Alley,Kragujevac,Serbia,lwillisp3@cocolog-nifty.com
Gary,King,449 Spohn Lane,Sangba,China,gkingp4@si.edu
Roger,Alvarez,998 Bunker Hill Pass,Belo sur Tsiribihina,Madagascar,ralvarezp5@deliciousdays.com
Russell,Gordon,0766 Mccormick Parkway,Huzhou,China,rgordonp6@oakley.com
Judith,Graham,40002 Sunnyside Trail,Mambusao,Philippines,jgrahamp7@posterous.com
Gregory,Banks,1825 Saint Paul Pass,Naranjito,Ecuador,gbanksp8@walmart.com
Kevin,Warren,752 Mosinee Trail,Golem,Albania,kwarrenp9@acquirethisname.com
Linda,Spencer,84167 Anzinger Street,Grimstad,Norway,lspencerpa@amazon.de
Earl,George,2542 Hollow Ridge Plaza,Tomay Kichwa,Peru,egeorgepb@is.gd
Earl,Adams,70313 Springview Trail,Aeteke,Indonesia,eadamspc@si.edu
Samuel,Stewart,06 Hoard Plaza,Kolonowskie,Poland,sstewartpd@gizmodo.com
Angela,Morgan,1450 Meadow Ridge Place,Sikeshu,China,amorganpe@tmall.com
Harry,Watson,81 Redwing Drive,Gangu Chengguanzhen,China,hwatsonpf@arstechnica.com
Debra,Davis,76 Melody Junction,Batal,Philippines,ddavispg@foxnews.com
Judy,Barnes,77 Dayton Place,Lihu,China,jbarnesph@examiner.com
Nancy,Bell,5697 Lakewood Gardens Lane,Arroio Grande,Brazil,nbellpi@soundcloud.com
Bruce,Knight,1 Donald Plaza,Aachen,Germany,bknightpj@github.com
Shawn,Duncan,38 Claremont Road,Calingcing,Indonesia,sduncanpk@tmall.com
Adam,Russell,6 Badeau Plaza,Sundumbili,South Africa,arussellpl@last.fm
Joseph,Fuller,99 Holy Cross Hill,Kalpin,China,jfullerpm@t-online.de
Stephanie,Jones,099 Veith Way,Samajie Ewenkeminzu,China,sjonespn@baidu.com
Christina,Kennedy,61303 Melvin Road,Brody,Poland,ckennedypo@sogou.com
Diana,Harris,28 Pepper Wood Parkway,Kiambu,Kenya,dharrispp@hp.com
Juan,Gilbert,2074 Forest Alley,Alicia,Philippines,jgilbertpq@addtoany.com
Emily,Greene,86217 Mccormick Terrace,Paris 10,France,egreenepr@domainmarket.com
Frances,Howard,430 1st Place,Jiancheng,China,fhowardps@scientificamerican.com
Kathy,Owens,19348 Glendale Park,Krajan Ngrambingan,Indonesia,kowenspt@china.com.cn
Martin,Frazier,491 Vidon Terrace,Zhifudao,China,mfrazierpu@paypal.com
Howard,Gilbert,19 Fisk Lane,Águas Vermelhas,Brazil,hgilbertpv@uiuc.edu
Joseph,Garza,2 Ronald Regan Crossing,Zhangcheng,China,jgarzapw@ftc.gov
Brian,Gardner,13 John Wall Trail,Shakhun’ya,Russia,bgardnerpx@booking.com
Kathy,Reid,191 Toban Junction,Sémé,Senegal,kreidpy@youku.com
Edward,Hunt,1 Pearson Lane,Potrerillos,Honduras,ehuntpz@baidu.com
Rachel,Marshall,71 Manitowish Center,Troitsk,Russia,rmarshallq0@skyrock.com
Diana,White,772 Carioca Trail,Cikembar,Indonesia,dwhiteq1@delicious.com
Denise,Lane,121 Oxford Street,Semampir,Indonesia,dlaneq2@arizona.edu
Norma,Ramirez,7 Kennedy Avenue,Svenljunga,Sweden,nramirezq3@networkadvertising.org
Arthur,Roberts,99435 Chinook Point,Ying’ebu,China,arobertsq4@google.com.hk
Betty,Lewis,2915 Westerfield Trail,Qom,Iran,blewisq5@themeforest.net
Pamela,Wagner,50863 East Terrace,Xiongchi,China,pwagnerq6@globo.com
Jesse,Carter,3000 Ryan Place,Tongshanxiang,China,jcarterq7@fda.gov
Joyce,Morrison,31188 Lake View Plaza,Maying,China,jmorrisonq8@time.com
Earl,Clark,3357 Northridge Street,Oefatu,Indonesia,eclarkq9@nytimes.com
Anthony,Howell,7 Charing Cross Pass,Taipingying,China,ahowellqa@mapy.cz
Christopher,Castillo,111 Clemons Crossing,Saronída,Greece,ccastilloqb@fda.gov
Bonnie,Butler,8598 David Crossing,Las Yaras,Peru,bbutlerqc@tuttocitta.it
Gregory,Burke,9144 Tennessee Center,Kamenka,Russia,gburkeqd@gov.uk
Marie,Knight,1468 Jenna Park,Munjul,Indonesia,mknightqe@github.com
Diane,Ryan,47682 Transport Alley,Féres,Greece,dryanqf@wsj.com
Lawrence,Allen,1662 Morrow Parkway,Santa Luzia,Portugal,lallenqg@umich.edu
Sara,Henderson,2 Kropf Point,Magallanes,Philippines,shendersonqh@ustream.tv
Carlos,Williamson,141 Sullivan Plaza,Novi Karlovci,Serbia,cwilliamsonqi@twitpic.com
Clarence,Hamilton,3986 Linden Road,Recarei,Portugal,chamiltonqj@ycombinator.com
Helen,Murray,8617 Bartelt Junction,Richmond,United States,hmurrayqk@istockphoto.com
Linda,Burton,70546 Goodland Drive,Domsjö,Sweden,lburtonql@msn.com
Marie,Fields,97 Annamark Avenue,Luhansk,Ukraine,mfieldsqm@wikimedia.org
Jerry,Cooper,2299 Toban Court,Liuhe,China,jcooperqn@freewebs.com
Denise,Mitchell,9 8th Drive,Balingueo,Philippines,dmitchellqo@feedburner.com
Andrea,Taylor,51 Hanson Point,Itapissuma,Brazil,ataylorqp@cocolog-nifty.com
Douglas,Torres,1 Monument Pass,Salt Lake City,United States,dtorresqq@jimdo.com
Antonio,Watkins,418 Evergreen Way,Hagonoy,Philippines,awatkinsqr@purevolume.com
Helen,Cook,4504 Vahlen Street,Andapa,Madagascar,hcookqs@wordpress.com
Theresa,Olson,43 Calypso Hill,Nerekhta,Russia,tolsonqt@timesonline.co.uk
Ronald,Thompson,16425 Darwin Junction,Heshang,China,rthompsonqu@gov.uk
Andrew,Jones,27 Sundown Junction,Tupanciretã,Brazil,ajonesqv@yolasite.com
Deborah,Marshall,9013 Schlimgen Lane,Tullinge,Sweden,dmarshallqw@163.com
Peter,Marshall,805 Armistice Drive,Artemisa,Cuba,pmarshallqx@acquirethisname.com
Nicole,Washington,89 Moose Alley,Dongba,China,nwashingtonqy@alibaba.com
Christina,Hunter,97132 Porter Place,Surubim,Brazil,chunterqz@nba.com
Keith,Burton,4362 Prairie Rose Terrace,Sumy,Ukraine,kburtonr0@myspace.com
Nicole,Boyd,765 Valley Edge Drive,Sorren Daya,Indonesia,nboydr1@bloomberg.com
Carolyn,Fowler,80 Monterey Point,Puerto San José,Guatemala,cfowlerr2@nymag.com
Gloria,Weaver,97 Rusk Pass,Choloma,Honduras,gweaverr3@who.int
Judy,Weaver,891 Namekagon Way,Wakefield,New Zealand,jweaverr4@instagram.com
Richard,Gonzales,0 Schurz Street,Valle San Francisco,Nicaragua,rgonzalesr5@cargocollective.com
Maria,Martinez,273 Colorado Road,Steinkjer,Norway,mmartinezr6@bravesites.com
Linda,Webb,06483 Corry Court,Ambatondrazaka,Madagascar,lwebbr7@photobucket.com
Stephanie,Cunningham,8337 Chinook Street,Chunjiang,China,scunninghamr8@edublogs.org
Virginia,Rivera,7 Huxley Hill,Tungawan,Philippines,vriverar9@springer.com
Antonio,Meyer,316 Victoria Way,Buawan,Philippines,ameyerra@sbwire.com
Jonathan,Mendoza,0 Cardinal Junction,Vityazevo,Russia,jmendozarb@vistaprint.com
Doris,Ruiz,83 Morningstar Junction,Zilang,China,druizrc@google.co.uk
Lawrence,Hansen,7769 Westridge Park,Baixi,China,lhansenrd@geocities.jp
Jacqueline,Frazier,032 Scott Court,Guaratinguetá,Brazil,jfrazierre@timesonline.co.uk
Wanda,Ellis,5240 Dexter Park,Wuxihe,China,wellisrf@clickbank.net
Richard,Fernandez,552 Rutledge Court,Brooklyn,United States,rfernandezrg@kickstarter.com
Kenneth,Simmons,7 Cody Pass,Vyksa,Russia,ksimmonsrh@furl.net
Patrick,Jackson,204 Hanover Avenue,Ponta da Garça,Portugal,pjacksonri@foxnews.com
Carl,Burke,8206 Sheridan Place,Kastsyukovichy,Belarus,cburkerj@linkedin.com
Sandra,Diaz,1 Springs Crossing,Libog,Philippines,sdiazrk@msn.com
Martha,Perez,76256 Manufacturers Alley,Big Bend,Swaziland,mperezrl@elegantthemes.com
Kathy,Harris,22111 Beilfuss Lane,Magaria,Niger,kharrisrm@weebly.com
Steve,Scott,00724 Fisk Terrace,Pueblo Nuevo Viñas,Guatemala,sscottrn@yahoo.com
Tammy,Watkins,3230 Pepper Wood Place,Nadvoitsy,Russia,twatkinsro@yahoo.com
Earl,Berry,4268 Bluestem Alley,Ojo de Agua,Mexico,eberryrp@flavors.me
Norma,Medina,44 Welch Park,Tuchoměřice,Czech Republic,nmedinarq@sourceforge.net
Ryan,Sims,83 Rockefeller Junction,Cilaja,Indonesia,rsimsrr@meetup.com
